pK,pL,value
1/2<=pK<=9/10,1/2<=pL<=9/10, 	AllViolated
1/10<=pK<=3/10,1/10<=pL<=3/10, 	AllSat
3/10<=pK<=1/2,1/10<=pL<=3/10, 	AllSat
1/10<=pK<=3/10,3/10<=pL<=1/2, 	AllSat
1/2<=pK<=7/10,1/10<=pL<=3/10, 	AllSat
1/10<=pK<=3/10,1/2<=pL<=7/10, 	AllSat
3/10<=pK<=2/5,3/10<=pL<=2/5, 	AllSat
2/5<=pK<=1/2,3/10<=pL<=2/5, 	AllSat
3/10<=pK<=2/5,2/5<=pL<=1/2, 	AllSat
7/10<=pK<=4/5,1/10<=pL<=1/5, 	AllSat
4/5<=pK<=9/10,1/10<=pL<=1/5, 	AllSat
3/5<=pK<=7/10,2/5<=pL<=1/2, 	AllViolated
4/5<=pK<=9/10,3/10<=pL<=2/5, 	AllViolated
7/10<=pK<=4/5,2/5<=pL<=1/2, 	AllViolated
4/5<=pK<=9/10,2/5<=pL<=1/2, 	AllViolated
2/5<=pK<=1/2,3/5<=pL<=7/10, 	AllViolated
1/10<=pK<=1/5,7/10<=pL<=4/5, 	AllSat
1/10<=pK<=1/5,4/5<=pL<=9/10, 	AllSat
2/5<=pK<=1/2,7/10<=pL<=4/5, 	AllViolated
3/10<=pK<=2/5,4/5<=pL<=9/10, 	AllViolated
2/5<=pK<=1/2,4/5<=pL<=9/10, 	AllViolated
2/5<=pK<=9/20,2/5<=pL<=9/20, 	AllSat
7/10<=pK<=3/4,1/5<=pL<=1/4, 	AllSat
3/4<=pK<=4/5,1/5<=pL<=1/4, 	AllSat
4/5<=pK<=17/20,1/5<=pL<=1/4, 	AllSat
1/2<=pK<=11/20,3/10<=pL<=7/20, 	AllSat
11/20<=pK<=3/5,3/10<=pL<=7/20, 	AllSat
13/20<=pK<=7/10,7/20<=pL<=2/5, 	AllViolated
11/20<=pK<=3/5,2/5<=pL<=9/20, 	AllViolated
1/2<=pK<=11/20,9/20<=pL<=1/2, 	AllViolated
11/20<=pK<=3/5,9/20<=pL<=1/2, 	AllViolated
3/4<=pK<=4/5,3/10<=pL<=7/20, 	AllViolated
7/10<=pK<=3/4,7/20<=pL<=2/5, 	AllViolated
3/4<=pK<=4/5,7/20<=pL<=2/5, 	AllViolated
3/10<=pK<=7/20,1/2<=pL<=11/20, 	AllSat
3/10<=pK<=7/20,11/20<=pL<=3/5, 	AllSat
9/20<=pK<=1/2,1/2<=pL<=11/20, 	AllViolated
2/5<=pK<=9/20,11/20<=pL<=3/5, 	AllViolated
9/20<=pK<=1/2,11/20<=pL<=3/5, 	AllViolated
7/20<=pK<=2/5,13/20<=pL<=7/10, 	AllViolated
1/5<=pK<=1/4,7/10<=pL<=3/4, 	AllSat
1/5<=pK<=1/4,3/4<=pL<=4/5, 	AllSat
1/5<=pK<=1/4,4/5<=pL<=17/20, 	AllSat
7/20<=pK<=2/5,7/10<=pL<=3/4, 	AllViolated
3/10<=pK<=7/20,3/4<=pL<=4/5, 	AllViolated
7/20<=pK<=2/5,3/4<=pL<=4/5, 	AllViolated
9/20<=pK<=19/40,2/5<=pL<=17/40, 	AllSat
19/40<=pK<=1/2,2/5<=pL<=17/40, 	AllSat
9/20<=pK<=19/40,17/40<=pL<=9/20, 	AllSat
2/5<=pK<=17/40,9/20<=pL<=19/40, 	AllSat
17/40<=pK<=9/20,9/20<=pL<=19/40, 	AllSat
2/5<=pK<=17/40,19/40<=pL<=1/2, 	AllSat
19/40<=pK<=1/2,19/40<=pL<=1/2, 	AllViolated
7/10<=pK<=29/40,1/4<=pL<=11/40, 	AllSat
29/40<=pK<=3/4,1/4<=pL<=11/40, 	AllSat
7/10<=pK<=29/40,11/40<=pL<=3/10, 	AllSat
3/4<=pK<=31/40,1/4<=pL<=11/40, 	AllSat
17/20<=pK<=7/8,1/5<=pL<=9/40, 	AllSat
7/8<=pK<=9/10,1/5<=pL<=9/40, 	AllSat
4/5<=pK<=33/40,11/40<=pL<=3/10, 	AllViolated
33/40<=pK<=17/20,11/40<=pL<=3/10, 	AllViolated
7/8<=pK<=9/10,1/4<=pL<=11/40, 	AllViolated
17/20<=pK<=7/8,11/40<=pL<=3/10, 	AllViolated
7/8<=pK<=9/10,11/40<=pL<=3/10, 	AllViolated
1/2<=pK<=21/40,7/20<=pL<=3/8, 	AllSat
21/40<=pK<=11/20,7/20<=pL<=3/8, 	AllSat
1/2<=pK<=21/40,3/8<=pL<=2/5, 	AllSat
11/20<=pK<=23/40,7/20<=pL<=3/8, 	AllSat
3/5<=pK<=5/8,3/10<=pL<=13/40, 	AllSat
5/8<=pK<=13/20,3/10<=pL<=13/40, 	AllSat
27/40<=pK<=7/10,13/40<=pL<=7/20, 	AllViolated
5/8<=pK<=13/20,7/20<=pL<=3/8, 	AllViolated
3/5<=pK<=5/8,3/8<=pL<=2/5, 	AllViolated
5/8<=pK<=13/20,3/8<=pL<=2/5, 	AllViolated
21/40<=pK<=11/20,17/40<=pL<=9/20, 	AllViolated
7/10<=pK<=29/40,13/40<=pL<=7/20, 	AllViolated
29/40<=pK<=3/4,13/40<=pL<=7/20, 	AllViolated
7/20<=pK<=3/8,1/2<=pL<=21/40, 	AllSat
3/8<=pK<=2/5,1/2<=pL<=21/40, 	AllSat
7/20<=pK<=3/8,21/40<=pL<=11/20, 	AllSat
7/20<=pK<=3/8,11/20<=pL<=23/40, 	AllSat
17/40<=pK<=9/20,21/40<=pL<=11/20, 	AllViolated
3/10<=pK<=13/40,3/5<=pL<=5/8, 	AllSat
3/10<=pK<=13/40,5/8<=pL<=13/20, 	AllSat
3/8<=pK<=2/5,3/5<=pL<=5/8, 	AllViolated
7/20<=pK<=3/8,5/8<=pL<=13/20, 	AllViolated
3/8<=pK<=2/5,5/8<=pL<=13/20, 	AllViolated
13/40<=pK<=7/20,27/40<=pL<=7/10, 	AllViolated
1/4<=pK<=11/40,7/10<=pL<=29/40, 	AllSat
11/40<=pK<=3/10,7/10<=pL<=29/40, 	AllSat
1/4<=pK<=11/40,29/40<=pL<=3/4, 	AllSat
1/4<=pK<=11/40,3/4<=pL<=31/40, 	AllSat
11/40<=pK<=3/10,4/5<=pL<=33/40, 	AllViolated
11/40<=pK<=3/10,33/40<=pL<=17/20, 	AllViolated
1/5<=pK<=9/40,17/20<=pL<=7/8, 	AllSat
1/5<=pK<=9/40,7/8<=pL<=9/10, 	AllSat
11/40<=pK<=3/10,17/20<=pL<=7/8, 	AllViolated
1/4<=pK<=11/40,7/8<=pL<=9/10, 	AllViolated
11/40<=pK<=3/10,7/8<=pL<=9/10, 	AllViolated
13/40<=pK<=7/20,7/10<=pL<=29/40, 	AllViolated
13/40<=pK<=7/20,29/40<=pL<=3/4, 	AllViolated
19/40<=pK<=39/80,17/40<=pL<=7/16, 	AllSat
17/40<=pK<=7/16,19/40<=pL<=39/80, 	AllSat
9/20<=pK<=37/80,9/20<=pL<=37/80, 	AllSat
39/80<=pK<=1/2,9/20<=pL<=37/80, 	AllViolated
19/40<=pK<=39/80,37/80<=pL<=19/40, 	AllViolated
39/80<=pK<=1/2,37/80<=pL<=19/40, 	AllViolated
37/80<=pK<=19/40,19/40<=pL<=39/80, 	AllViolated
9/20<=pK<=37/80,39/80<=pL<=1/2, 	AllViolated
37/80<=pK<=19/40,39/80<=pL<=1/2, 	AllViolated
29/40<=pK<=59/80,11/40<=pL<=23/80, 	AllSat
59/80<=pK<=3/4,11/40<=pL<=23/80, 	AllSat
31/40<=pK<=63/80,1/4<=pL<=21/80, 	AllSat
63/80<=pK<=4/5,1/4<=pL<=21/80, 	AllSat
31/40<=pK<=63/80,21/80<=pL<=11/40, 	AllSat
61/80<=pK<=31/40,23/80<=pL<=3/10, 	AllViolated
31/40<=pK<=63/80,23/80<=pL<=3/10, 	AllViolated
63/80<=pK<=4/5,23/80<=pL<=3/10, 	AllViolated
17/20<=pK<=69/80,9/40<=pL<=19/80, 	AllSat
69/80<=pK<=7/8,9/40<=pL<=19/80, 	AllSat
17/20<=pK<=69/80,19/80<=pL<=1/4, 	AllSat
7/8<=pK<=71/80,9/40<=pL<=19/80, 	AllSat
71/80<=pK<=9/10,9/40<=pL<=19/80, 	AllSat
4/5<=pK<=13/16,1/4<=pL<=21/80, 	AllSat
13/16<=pK<=33/40,1/4<=pL<=21/80, 	AllSat
67/80<=pK<=17/20,21/80<=pL<=11/40, 	AllViolated
17/20<=pK<=69/80,21/80<=pL<=11/40, 	AllViolated
69/80<=pK<=7/8,21/80<=pL<=11/40, 	AllViolated
21/40<=pK<=43/80,3/8<=pL<=31/80, 	AllSat
43/80<=pK<=11/20,3/8<=pL<=31/80, 	AllSat
21/40<=pK<=43/80,31/80<=pL<=2/5, 	AllSat
23/40<=pK<=47/80,7/20<=pL<=29/80, 	AllSat
47/80<=pK<=3/5,7/20<=pL<=29/80, 	AllSat
9/16<=pK<=23/40,31/80<=pL<=2/5, 	AllViolated
47/80<=pK<=3/5,3/8<=pL<=31/80, 	AllViolated
23/40<=pK<=47/80,31/80<=pL<=2/5, 	AllViolated
47/80<=pK<=3/5,31/80<=pL<=2/5, 	AllViolated
3/5<=pK<=49/80,13/40<=pL<=27/80, 	AllSat
49/80<=pK<=5/8,13/40<=pL<=27/80, 	AllSat
3/5<=pK<=49/80,27/80<=pL<=7/20, 	AllSat
5/8<=pK<=51/80,13/40<=pL<=27/80, 	AllSat
13/20<=pK<=53/80,3/10<=pL<=5/16, 	AllSat
53/80<=pK<=27/40,3/10<=pL<=5/16, 	AllSat
13/20<=pK<=53/80,5/16<=pL<=13/40, 	AllSat
27/40<=pK<=11/16,3/10<=pL<=5/16, 	AllSat
13/20<=pK<=53/80,27/80<=pL<=7/20, 	AllViolated
53/80<=pK<=27/40,27/80<=pL<=7/20, 	AllViolated
49/80<=pK<=5/8,29/80<=pL<=3/8, 	AllViolated
1/2<=pK<=41/80,2/5<=pL<=33/80, 	AllSat
41/80<=pK<=21/40,2/5<=pL<=33/80, 	AllSat
43/80<=pK<=11/20,33/80<=pL<=17/40, 	AllViolated
41/80<=pK<=21/40,17/40<=pL<=7/16, 	AllViolated
1/2<=pK<=41/80,7/16<=pL<=9/20, 	AllViolated
41/80<=pK<=21/40,7/16<=pL<=9/20, 	AllViolated
7/10<=pK<=57/80,5/16<=pL<=13/40, 	AllViolated
57/80<=pK<=29/40,5/16<=pL<=13/40, 	AllViolated
59/80<=pK<=3/4,3/10<=pL<=5/16, 	AllViolated
29/40<=pK<=59/80,5/16<=pL<=13/40, 	AllViolated
59/80<=pK<=3/4,5/16<=pL<=13/40, 	AllViolated
3/8<=pK<=31/80,21/40<=pL<=43/80, 	AllSat
31/80<=pK<=2/5,21/40<=pL<=43/80, 	AllSat
3/8<=pK<=31/80,43/80<=pL<=11/20, 	AllSat
31/80<=pK<=2/5,9/16<=pL<=23/40, 	AllViolated
7/20<=pK<=29/80,23/40<=pL<=47/80, 	AllSat
7/20<=pK<=29/80,47/80<=pL<=3/5, 	AllSat
31/80<=pK<=2/5,23/40<=pL<=47/80, 	AllViolated
3/8<=pK<=31/80,47/80<=pL<=3/5, 	AllViolated
31/80<=pK<=2/5,47/80<=pL<=3/5, 	AllViolated
2/5<=pK<=33/80,1/2<=pL<=41/80, 	AllSat
2/5<=pK<=33/80,41/80<=pL<=21/40, 	AllSat
7/16<=pK<=9/20,1/2<=pL<=41/80, 	AllViolated
17/40<=pK<=7/16,41/80<=pL<=21/40, 	AllViolated
7/16<=pK<=9/20,41/80<=pL<=21/40, 	AllViolated
33/80<=pK<=17/40,43/80<=pL<=11/20, 	AllViolated
13/40<=pK<=27/80,3/5<=pL<=49/80, 	AllSat
27/80<=pK<=7/20,3/5<=pL<=49/80, 	AllSat
13/40<=pK<=27/80,49/80<=pL<=5/8, 	AllSat
13/40<=pK<=27/80,5/8<=pL<=51/80, 	AllSat
29/80<=pK<=3/8,49/80<=pL<=5/8, 	AllViolated
3/10<=pK<=5/16,13/20<=pL<=53/80, 	AllSat
5/16<=pK<=13/40,13/20<=pL<=53/80, 	AllSat
3/10<=pK<=5/16,53/80<=pL<=27/40, 	AllSat
27/80<=pK<=7/20,13/20<=pL<=53/80, 	AllViolated
27/80<=pK<=7/20,53/80<=pL<=27/40, 	AllViolated
3/10<=pK<=5/16,27/40<=pL<=11/16, 	AllSat
11/40<=pK<=23/80,29/40<=pL<=59/80, 	AllSat
11/40<=pK<=23/80,59/80<=pL<=3/4, 	AllSat
23/80<=pK<=3/10,61/80<=pL<=31/40, 	AllViolated
1/4<=pK<=21/80,31/40<=pL<=63/80, 	AllSat
21/80<=pK<=11/40,31/40<=pL<=63/80, 	AllSat
1/4<=pK<=21/80,63/80<=pL<=4/5, 	AllSat
23/80<=pK<=3/10,31/40<=pL<=63/80, 	AllViolated
23/80<=pK<=3/10,63/80<=pL<=4/5, 	AllViolated
1/4<=pK<=21/80,4/5<=pL<=13/16, 	AllSat
1/4<=pK<=21/80,13/16<=pL<=33/40, 	AllSat
21/80<=pK<=11/40,67/80<=pL<=17/20, 	AllViolated
9/40<=pK<=19/80,17/20<=pL<=69/80, 	AllSat
19/80<=pK<=1/4,17/20<=pL<=69/80, 	AllSat
9/40<=pK<=19/80,69/80<=pL<=7/8, 	AllSat
9/40<=pK<=19/80,7/8<=pL<=71/80, 	AllSat
9/40<=pK<=19/80,71/80<=pL<=9/10, 	AllSat
21/80<=pK<=11/40,17/20<=pL<=69/80, 	AllViolated
21/80<=pK<=11/40,69/80<=pL<=7/8, 	AllViolated
5/16<=pK<=13/40,7/10<=pL<=57/80, 	AllViolated
5/16<=pK<=13/40,57/80<=pL<=29/40, 	AllViolated
5/16<=pK<=13/40,29/40<=pL<=59/80, 	AllViolated
3/10<=pK<=5/16,59/80<=pL<=3/4, 	AllViolated
5/16<=pK<=13/40,59/80<=pL<=3/4, 	AllViolated
39/80<=pK<=79/160,17/40<=pL<=69/160, 	AllSat
79/160<=pK<=1/2,17/40<=pL<=69/160, 	AllSat
39/80<=pK<=79/160,69/160<=pL<=7/16, 	AllSat
19/40<=pK<=77/160,7/16<=pL<=71/160, 	AllSat
77/160<=pK<=39/80,7/16<=pL<=71/160, 	AllSat
19/40<=pK<=77/160,71/160<=pL<=9/20, 	AllSat
79/160<=pK<=1/2,71/160<=pL<=9/20, 	AllViolated
7/16<=pK<=71/160,19/40<=pL<=77/160, 	AllSat
71/160<=pK<=9/20,19/40<=pL<=77/160, 	AllSat
7/16<=pK<=71/160,77/160<=pL<=39/80, 	AllSat
17/40<=pK<=69/160,39/80<=pL<=79/160, 	AllSat
69/160<=pK<=7/16,39/80<=pL<=79/160, 	AllSat
17/40<=pK<=69/160,79/160<=pL<=1/2, 	AllSat
71/160<=pK<=9/20,79/160<=pL<=1/2, 	AllViolated
37/80<=pK<=15/32,9/20<=pL<=73/160, 	AllSat
15/32<=pK<=19/40,9/20<=pL<=73/160, 	AllSat
37/80<=pK<=15/32,73/160<=pL<=37/80, 	AllSat
9/20<=pK<=73/160,37/80<=pL<=15/32, 	AllSat
73/160<=pK<=37/80,37/80<=pL<=15/32, 	AllSat
9/20<=pK<=73/160,15/32<=pL<=19/40, 	AllSat
15/32<=pK<=19/40,15/32<=pL<=19/40, 	AllViolated
77/160<=pK<=39/80,73/160<=pL<=37/80, 	AllViolated
73/160<=pK<=37/80,77/160<=pL<=39/80, 	AllViolated
29/40<=pK<=117/160,23/80<=pL<=47/160, 	AllSat
117/160<=pK<=59/80,23/80<=pL<=47/160, 	AllSat
119/160<=pK<=3/4,47/160<=pL<=3/10, 	AllViolated
63/80<=pK<=127/160,21/80<=pL<=43/160, 	AllSat
127/160<=pK<=4/5,21/80<=pL<=43/160, 	AllSat
3/4<=pK<=121/160,11/40<=pL<=9/32, 	AllSat
121/160<=pK<=61/80,11/40<=pL<=9/32, 	AllSat
3/4<=pK<=121/160,9/32<=pL<=23/80, 	AllSat
61/80<=pK<=123/160,11/40<=pL<=9/32, 	AllSat
3/4<=pK<=121/160,47/160<=pL<=3/10, 	AllViolated
121/160<=pK<=61/80,47/160<=pL<=3/10, 	AllViolated
31/40<=pK<=25/32,9/32<=pL<=23/80, 	AllViolated
25/32<=pK<=63/80,9/32<=pL<=23/80, 	AllViolated
127/160<=pK<=4/5,11/40<=pL<=9/32, 	AllViolated
63/80<=pK<=127/160,9/32<=pL<=23/80, 	AllViolated
127/160<=pK<=4/5,9/32<=pL<=23/80, 	AllViolated
69/80<=pK<=139/160,19/80<=pL<=39/160, 	AllSat
139/160<=pK<=7/8,19/80<=pL<=39/160, 	AllSat
69/80<=pK<=139/160,39/160<=pL<=1/4, 	AllSat
7/8<=pK<=141/160,19/80<=pL<=39/160, 	AllSat
141/160<=pK<=71/80,19/80<=pL<=39/160, 	AllSat
143/160<=pK<=9/10,39/160<=pL<=1/4, 	AllViolated
4/5<=pK<=129/160,21/80<=pL<=43/160, 	AllSat
13/16<=pK<=131/160,43/160<=pL<=11/40, 	AllViolated
131/160<=pK<=33/40,43/160<=pL<=11/40, 	AllViolated
33/40<=pK<=133/160,1/4<=pL<=41/160, 	AllSat
133/160<=pK<=67/80,1/4<=pL<=41/160, 	AllSat
67/80<=pK<=27/32,1/4<=pL<=41/160, 	AllSat
133/160<=pK<=67/80,21/80<=pL<=43/160, 	AllViolated
33/40<=pK<=133/160,43/160<=pL<=11/40, 	AllViolated
133/160<=pK<=67/80,43/160<=pL<=11/40, 	AllViolated
17/20<=pK<=137/160,41/160<=pL<=21/80, 	AllViolated
137/160<=pK<=69/80,41/160<=pL<=21/80, 	AllViolated
69/80<=pK<=139/160,41/160<=pL<=21/80, 	AllViolated
139/160<=pK<=7/8,41/160<=pL<=21/80, 	AllViolated
43/80<=pK<=87/160,31/80<=pL<=63/160, 	AllSat
87/160<=pK<=11/20,31/80<=pL<=63/160, 	AllSat
43/80<=pK<=87/160,63/160<=pL<=2/5, 	AllSat
23/40<=pK<=93/160,29/80<=pL<=59/160, 	AllSat
93/160<=pK<=47/80,29/80<=pL<=59/160, 	AllSat
19/32<=pK<=3/5,59/160<=pL<=3/8, 	AllViolated
11/20<=pK<=89/160,3/8<=pL<=61/160, 	AllSat
89/160<=pK<=9/16,3/8<=pL<=61/160, 	AllSat
11/20<=pK<=89/160,61/160<=pL<=31/80, 	AllSat
9/16<=pK<=91/160,3/8<=pL<=61/160, 	AllSat
89/160<=pK<=9/16,63/160<=pL<=2/5, 	AllViolated
93/160<=pK<=47/80,3/8<=pL<=61/160, 	AllViolated
23/40<=pK<=93/160,61/160<=pL<=31/80, 	AllViolated
93/160<=pK<=47/80,61/160<=pL<=31/80, 	AllViolated
49/80<=pK<=99/160,27/80<=pL<=11/32, 	AllSat
99/160<=pK<=5/8,27/80<=pL<=11/32, 	AllSat
49/80<=pK<=99/160,11/32<=pL<=7/20, 	AllSat
51/80<=pK<=103/160,13/40<=pL<=53/160, 	AllSat
103/160<=pK<=13/20,13/40<=pL<=53/160, 	AllSat
51/80<=pK<=103/160,53/160<=pL<=27/80, 	AllSat
5/8<=pK<=101/160,27/80<=pL<=11/32, 	AllSat
51/80<=pK<=103/160,11/32<=pL<=7/20, 	AllViolated
103/160<=pK<=13/20,11/32<=pL<=7/20, 	AllViolated
53/80<=pK<=107/160,5/16<=pL<=51/160, 	AllSat
107/160<=pK<=27/40,5/16<=pL<=51/160, 	AllSat
53/80<=pK<=107/160,51/160<=pL<=13/40, 	AllSat
11/16<=pK<=111/160,3/10<=pL<=49/160, 	AllSat
111/160<=pK<=7/10,3/10<=pL<=49/160, 	AllSat
11/16<=pK<=111/160,49/160<=pL<=5/16, 	AllSat
27/40<=pK<=109/160,5/16<=pL<=51/160, 	AllSat
11/16<=pK<=111/160,51/160<=pL<=13/40, 	AllViolated
111/160<=pK<=7/10,51/160<=pL<=13/40, 	AllViolated
13/20<=pK<=21/32,13/40<=pL<=53/160, 	AllSat
53/80<=pK<=107/160,53/160<=pL<=27/80, 	AllViolated
107/160<=pK<=27/40,53/160<=pL<=27/80, 	AllViolated
3/5<=pK<=97/160,7/20<=pL<=57/160, 	AllSat
49/80<=pK<=99/160,57/160<=pL<=29/80, 	AllViolated
99/160<=pK<=5/8,57/160<=pL<=29/80, 	AllViolated
97/160<=pK<=49/80,29/80<=pL<=59/160, 	AllViolated
3/5<=pK<=97/160,59/160<=pL<=3/8, 	AllViolated
97/160<=pK<=49/80,59/160<=pL<=3/8, 	AllViolated
1/2<=pK<=81/160,33/80<=pL<=67/160, 	AllSat
81/160<=pK<=41/80,33/80<=pL<=67/160, 	AllSat
1/2<=pK<=81/160,67/160<=pL<=17/40, 	AllSat
41/80<=pK<=83/160,33/80<=pL<=67/160, 	AllSat
21/40<=pK<=17/32,2/5<=pL<=13/32, 	AllSat
43/80<=pK<=87/160,13/32<=pL<=33/80, 	AllViolated
87/160<=pK<=11/20,13/32<=pL<=33/80, 	AllViolated
17/32<=pK<=43/80,33/80<=pL<=67/160, 	AllViolated
21/40<=pK<=17/32,67/160<=pL<=17/40, 	AllViolated
17/32<=pK<=43/80,67/160<=pL<=17/40, 	AllViolated
81/160<=pK<=41/80,69/160<=pL<=7/16, 	AllViolated
7/10<=pK<=113/160,3/10<=pL<=49/160, 	AllSat
57/80<=pK<=23/32,49/160<=pL<=5/16, 	AllViolated
23/32<=pK<=29/40,49/160<=pL<=5/16, 	AllViolated
117/160<=pK<=59/80,3/10<=pL<=49/160, 	AllViolated
29/40<=pK<=117/160,49/160<=pL<=5/16, 	AllViolated
117/160<=pK<=59/80,49/160<=pL<=5/16, 	AllViolated
31/80<=pK<=63/160,43/80<=pL<=87/160, 	AllSat
63/160<=pK<=2/5,43/80<=pL<=87/160, 	AllSat
31/80<=pK<=63/160,87/160<=pL<=11/20, 	AllSat
3/8<=pK<=61/160,11/20<=pL<=89/160, 	AllSat
61/160<=pK<=31/80,11/20<=pL<=89/160, 	AllSat
3/8<=pK<=61/160,89/160<=pL<=9/16, 	AllSat
63/160<=pK<=2/5,89/160<=pL<=9/16, 	AllViolated
3/8<=pK<=61/160,9/16<=pL<=91/160, 	AllSat
29/80<=pK<=59/160,23/40<=pL<=93/160, 	AllSat
29/80<=pK<=59/160,93/160<=pL<=47/80, 	AllSat
59/160<=pK<=3/8,19/32<=pL<=3/5, 	AllViolated
61/160<=pK<=31/80,23/40<=pL<=93/160, 	AllViolated
3/8<=pK<=61/160,93/160<=pL<=47/80, 	AllViolated
61/160<=pK<=31/80,93/160<=pL<=47/80, 	AllViolated
33/80<=pK<=67/160,1/2<=pL<=81/160, 	AllSat
67/160<=pK<=17/40,1/2<=pL<=81/160, 	AllSat
33/80<=pK<=67/160,81/160<=pL<=41/80, 	AllSat
33/80<=pK<=67/160,41/80<=pL<=83/160, 	AllSat
69/160<=pK<=7/16,81/160<=pL<=41/80, 	AllViolated
2/5<=pK<=13/32,21/40<=pL<=17/32, 	AllSat
67/160<=pK<=17/40,21/40<=pL<=17/32, 	AllViolated
33/80<=pK<=67/160,17/32<=pL<=43/80, 	AllViolated
67/160<=pK<=17/40,17/32<=pL<=43/80, 	AllViolated
13/32<=pK<=33/80,43/80<=pL<=87/160, 	AllViolated
13/32<=pK<=33/80,87/160<=pL<=11/20, 	AllViolated
27/80<=pK<=11/32,49/80<=pL<=99/160, 	AllSat
11/32<=pK<=7/20,49/80<=pL<=99/160, 	AllSat
27/80<=pK<=11/32,99/160<=pL<=5/8, 	AllSat
27/80<=pK<=11/32,5/8<=pL<=101/160, 	AllSat
13/40<=pK<=53/160,51/80<=pL<=103/160, 	AllSat
53/160<=pK<=27/80,51/80<=pL<=103/160, 	AllSat
13/40<=pK<=53/160,103/160<=pL<=13/20, 	AllSat
11/32<=pK<=7/20,51/80<=pL<=103/160, 	AllViolated
11/32<=pK<=7/20,103/160<=pL<=13/20, 	AllViolated
7/20<=pK<=57/160,3/5<=pL<=97/160, 	AllSat
59/160<=pK<=3/8,3/5<=pL<=97/160, 	AllViolated
29/80<=pK<=59/160,97/160<=pL<=49/80, 	AllViolated
59/160<=pK<=3/8,97/160<=pL<=49/80, 	AllViolated
57/160<=pK<=29/80,49/80<=pL<=99/160, 	AllViolated
57/160<=pK<=29/80,99/160<=pL<=5/8, 	AllViolated
5/16<=pK<=51/160,53/80<=pL<=107/160, 	AllSat
51/160<=pK<=13/40,53/80<=pL<=107/160, 	AllSat
5/16<=pK<=51/160,107/160<=pL<=27/40, 	AllSat
13/40<=pK<=53/160,13/20<=pL<=21/32, 	AllSat
53/160<=pK<=27/80,53/80<=pL<=107/160, 	AllViolated
53/160<=pK<=27/80,107/160<=pL<=27/40, 	AllViolated
5/16<=pK<=51/160,27/40<=pL<=109/160, 	AllSat
3/10<=pK<=49/160,11/16<=pL<=111/160, 	AllSat
49/160<=pK<=5/16,11/16<=pL<=111/160, 	AllSat
3/10<=pK<=49/160,111/160<=pL<=7/10, 	AllSat
51/160<=pK<=13/40,11/16<=pL<=111/160, 	AllViolated
51/160<=pK<=13/40,111/160<=pL<=7/10, 	AllViolated
23/80<=pK<=47/160,29/40<=pL<=117/160, 	AllSat
23/80<=pK<=47/160,117/160<=pL<=59/80, 	AllSat
47/160<=pK<=3/10,119/160<=pL<=3/4, 	AllViolated
11/40<=pK<=9/32,3/4<=pL<=121/160, 	AllSat
9/32<=pK<=23/80,3/4<=pL<=121/160, 	AllSat
11/40<=pK<=9/32,121/160<=pL<=61/80, 	AllSat
47/160<=pK<=3/10,3/4<=pL<=121/160, 	AllViolated
47/160<=pK<=3/10,121/160<=pL<=61/80, 	AllViolated
11/40<=pK<=9/32,61/80<=pL<=123/160, 	AllSat
21/80<=pK<=43/160,63/80<=pL<=127/160, 	AllSat
21/80<=pK<=43/160,127/160<=pL<=4/5, 	AllSat
9/32<=pK<=23/80,31/40<=pL<=25/32, 	AllViolated
9/32<=pK<=23/80,25/32<=pL<=63/80, 	AllViolated
9/32<=pK<=23/80,63/80<=pL<=127/160, 	AllViolated
11/40<=pK<=9/32,127/160<=pL<=4/5, 	AllViolated
9/32<=pK<=23/80,127/160<=pL<=4/5, 	AllViolated
21/80<=pK<=43/160,4/5<=pL<=129/160, 	AllSat
43/160<=pK<=11/40,13/16<=pL<=131/160, 	AllViolated
43/160<=pK<=11/40,131/160<=pL<=33/40, 	AllViolated
1/4<=pK<=41/160,33/40<=pL<=133/160, 	AllSat
1/4<=pK<=41/160,133/160<=pL<=67/80, 	AllSat
43/160<=pK<=11/40,33/40<=pL<=133/160, 	AllViolated
21/80<=pK<=43/160,133/160<=pL<=67/80, 	AllViolated
43/160<=pK<=11/40,133/160<=pL<=67/80, 	AllViolated
1/4<=pK<=41/160,67/80<=pL<=27/32, 	AllSat
19/80<=pK<=39/160,69/80<=pL<=139/160, 	AllSat
39/160<=pK<=1/4,69/80<=pL<=139/160, 	AllSat
19/80<=pK<=39/160,139/160<=pL<=7/8, 	AllSat
19/80<=pK<=39/160,7/8<=pL<=141/160, 	AllSat
19/80<=pK<=39/160,141/160<=pL<=71/80, 	AllSat
39/160<=pK<=1/4,143/160<=pL<=9/10, 	AllViolated
41/160<=pK<=21/80,17/20<=pL<=137/160, 	AllViolated
41/160<=pK<=21/80,137/160<=pL<=69/80, 	AllViolated
41/160<=pK<=21/80,69/80<=pL<=139/160, 	AllViolated
41/160<=pK<=21/80,139/160<=pL<=7/8, 	AllViolated
3/10<=pK<=49/160,7/10<=pL<=113/160, 	AllSat
49/160<=pK<=5/16,57/80<=pL<=23/32, 	AllViolated
49/160<=pK<=5/16,23/32<=pL<=29/40, 	AllViolated
49/160<=pK<=5/16,29/40<=pL<=117/160, 	AllViolated
3/10<=pK<=49/160,117/160<=pL<=59/80, 	AllViolated
49/160<=pK<=5/16,117/160<=pL<=59/80, 	AllViolated
79/160<=pK<=159/320,69/160<=pL<=139/320, 	AllSat
159/320<=pK<=1/2,69/160<=pL<=139/320, 	AllSat
79/160<=pK<=159/320,139/320<=pL<=7/16, 	AllSat
77/160<=pK<=31/64,71/160<=pL<=143/320, 	AllSat
39/80<=pK<=157/320,7/16<=pL<=141/320, 	AllSat
157/320<=pK<=79/160,7/16<=pL<=141/320, 	AllSat
39/80<=pK<=157/320,141/320<=pL<=71/160, 	AllSat
159/320<=pK<=1/2,141/320<=pL<=71/160, 	AllViolated
39/80<=pK<=157/320,143/320<=pL<=9/20, 	AllViolated
157/320<=pK<=79/160,143/320<=pL<=9/20, 	AllViolated
71/160<=pK<=143/320,77/160<=pL<=31/64, 	AllSat
69/160<=pK<=139/320,79/160<=pL<=159/320, 	AllSat
139/320<=pK<=7/16,79/160<=pL<=159/320, 	AllSat
69/160<=pK<=139/320,159/320<=pL<=1/2, 	AllSat
7/16<=pK<=141/320,39/80<=pL<=157/320, 	AllSat
141/320<=pK<=71/160,39/80<=pL<=157/320, 	AllSat
7/16<=pK<=141/320,157/320<=pL<=79/160, 	AllSat
143/320<=pK<=9/20,39/80<=pL<=157/320, 	AllViolated
143/320<=pK<=9/20,157/320<=pL<=79/160, 	AllViolated
141/320<=pK<=71/160,159/320<=pL<=1/2, 	AllViolated
15/32<=pK<=151/320,73/160<=pL<=147/320, 	AllSat
73/160<=pK<=147/320,15/32<=pL<=151/320, 	AllSat
37/80<=pK<=149/320,37/80<=pL<=149/320, 	AllSat
151/320<=pK<=19/40,37/80<=pL<=149/320, 	AllViolated
15/32<=pK<=151/320,149/320<=pL<=15/32, 	AllViolated
151/320<=pK<=19/40,149/320<=pL<=15/32, 	AllViolated
149/320<=pK<=15/32,15/32<=pL<=151/320, 	AllViolated
37/80<=pK<=149/320,151/320<=pL<=19/40, 	AllViolated
149/320<=pK<=15/32,151/320<=pL<=19/40, 	AllViolated
19/40<=pK<=153/320,9/20<=pL<=29/64, 	AllSat
31/64<=pK<=39/80,9/20<=pL<=29/64, 	AllViolated
77/160<=pK<=31/64,29/64<=pL<=73/160, 	AllViolated
31/64<=pK<=39/80,29/64<=pL<=73/160, 	AllViolated
153/320<=pK<=77/160,73/160<=pL<=147/320, 	AllViolated
19/40<=pK<=153/320,147/320<=pL<=37/80, 	AllViolated
153/320<=pK<=77/160,147/320<=pL<=37/80, 	AllViolated
9/20<=pK<=29/64,19/40<=pL<=153/320, 	AllSat
147/320<=pK<=37/80,19/40<=pL<=153/320, 	AllViolated
73/160<=pK<=147/320,153/320<=pL<=77/160, 	AllViolated
147/320<=pK<=37/80,153/320<=pL<=77/160, 	AllViolated
29/64<=pK<=73/160,77/160<=pL<=31/64, 	AllViolated
9/20<=pK<=29/64,31/64<=pL<=39/80, 	AllViolated
29/64<=pK<=73/160,31/64<=pL<=39/80, 	AllViolated
29/40<=pK<=233/320,47/160<=pL<=19/64, 	AllSat
233/320<=pK<=117/160,47/160<=pL<=19/64, 	AllSat
47/64<=pK<=59/80,19/64<=pL<=3/10, 	AllViolated
59/80<=pK<=237/320,23/80<=pL<=93/320, 	AllSat
237/320<=pK<=119/160,23/80<=pL<=93/320, 	AllSat
59/80<=pK<=237/320,93/320<=pL<=47/160, 	AllSat
119/160<=pK<=239/320,23/80<=pL<=93/320, 	AllSat
59/80<=pK<=237/320,19/64<=pL<=3/10, 	AllViolated
237/320<=pK<=119/160,19/64<=pL<=3/10, 	AllViolated
63/80<=pK<=253/320,43/160<=pL<=87/320, 	AllSat
253/320<=pK<=127/160,43/160<=pL<=87/320, 	AllSat
63/80<=pK<=253/320,87/320<=pL<=11/40, 	AllSat
127/160<=pK<=51/64,43/160<=pL<=87/320, 	AllSat
51/64<=pK<=4/5,43/160<=pL<=87/320, 	AllSat
121/160<=pK<=243/320,9/32<=pL<=91/320, 	AllSat
243/320<=pK<=61/80,9/32<=pL<=91/320, 	AllSat
123/160<=pK<=247/320,11/40<=pL<=89/320, 	AllSat
247/320<=pK<=31/40,11/40<=pL<=89/320, 	AllSat
123/160<=pK<=247/320,89/320<=pL<=9/32, 	AllSat
61/80<=pK<=49/64,9/32<=pL<=91/320, 	AllSat
123/160<=pK<=247/320,91/320<=pL<=23/80, 	AllViolated
247/320<=pK<=31/40,91/320<=pL<=23/80, 	AllViolated
3/4<=pK<=241/320,93/320<=pL<=47/160, 	AllViolated
241/320<=pK<=121/160,93/320<=pL<=47/160, 	AllViolated
243/320<=pK<=61/80,23/80<=pL<=93/320, 	AllViolated
121/160<=pK<=243/320,93/320<=pL<=47/160, 	AllViolated
243/320<=pK<=61/80,93/320<=pL<=47/160, 	AllViolated
31/40<=pK<=249/320,11/40<=pL<=89/320, 	AllSat
249/320<=pK<=25/32,11/40<=pL<=89/320, 	AllSat
251/320<=pK<=63/80,89/320<=pL<=9/32, 	AllViolated
63/80<=pK<=253/320,89/320<=pL<=9/32, 	AllViolated
253/320<=pK<=127/160,89/320<=pL<=9/32, 	AllViolated
139/160<=pK<=279/320,39/160<=pL<=79/320, 	AllSat
279/320<=pK<=7/8,39/160<=pL<=79/320, 	AllSat
7/8<=pK<=281/320,39/160<=pL<=79/320, 	AllSat
281/320<=pK<=141/160,39/160<=pL<=79/320, 	AllSat
283/320<=pK<=71/80,79/320<=pL<=1/4, 	AllViolated
71/80<=pK<=57/64,19/80<=pL<=77/320, 	AllSat
57/64<=pK<=143/160,19/80<=pL<=77/320, 	AllSat
71/80<=pK<=57/64,77/320<=pL<=39/160, 	AllSat
143/160<=pK<=287/320,19/80<=pL<=77/320, 	AllSat
287/320<=pK<=9/10,19/80<=pL<=77/320, 	AllSat
71/80<=pK<=57/64,79/320<=pL<=1/4, 	AllViolated
57/64<=pK<=143/160,79/320<=pL<=1/4, 	AllViolated
129/160<=pK<=259/320,21/80<=pL<=17/64, 	AllSat
259/320<=pK<=13/16,21/80<=pL<=17/64, 	AllSat
129/160<=pK<=259/320,17/64<=pL<=43/160, 	AllSat
257/320<=pK<=129/160,87/320<=pL<=11/40, 	AllViolated
129/160<=pK<=259/320,87/320<=pL<=11/40, 	AllViolated
259/320<=pK<=13/16,87/320<=pL<=11/40, 	AllViolated
13/16<=pK<=261/320,21/80<=pL<=17/64, 	AllSat
261/320<=pK<=131/160,21/80<=pL<=17/64, 	AllSat
263/320<=pK<=33/40,17/64<=pL<=43/160, 	AllViolated
33/40<=pK<=53/64,41/160<=pL<=83/320, 	AllSat
53/64<=pK<=133/160,41/160<=pL<=83/320, 	AllSat
33/40<=pK<=53/64,83/320<=pL<=21/80, 	AllSat
133/160<=pK<=267/320,41/160<=pL<=83/320, 	AllSat
267/320<=pK<=67/80,41/160<=pL<=83/320, 	AllSat
27/32<=pK<=271/320,1/4<=pL<=81/320, 	AllSat
271/320<=pK<=17/20,1/4<=pL<=81/320, 	AllSat
27/32<=pK<=271/320,81/320<=pL<=41/160, 	AllSat
269/320<=pK<=27/32,83/320<=pL<=21/80, 	AllViolated
27/32<=pK<=271/320,83/320<=pL<=21/80, 	AllViolated
271/320<=pK<=17/20,83/320<=pL<=21/80, 	AllViolated
33/40<=pK<=53/64,17/64<=pL<=43/160, 	AllViolated
53/64<=pK<=133/160,17/64<=pL<=43/160, 	AllViolated
17/20<=pK<=273/320,1/4<=pL<=81/320, 	AllSat
273/320<=pK<=137/160,1/4<=pL<=81/320, 	AllSat
137/160<=pK<=55/64,1/4<=pL<=81/320, 	AllSat
69/80<=pK<=277/320,81/320<=pL<=41/160, 	AllViolated
277/320<=pK<=139/160,81/320<=pL<=41/160, 	AllViolated
279/320<=pK<=7/8,1/4<=pL<=81/320, 	AllViolated
139/160<=pK<=279/320,81/320<=pL<=41/160, 	AllViolated
279/320<=pK<=7/8,81/320<=pL<=41/160, 	AllViolated
87/160<=pK<=35/64,63/160<=pL<=127/320, 	AllSat
23/40<=pK<=37/64,59/160<=pL<=119/320, 	AllSat
37/64<=pK<=93/160,59/160<=pL<=119/320, 	AllSat
23/40<=pK<=37/64,119/320<=pL<=3/8, 	AllSat
93/160<=pK<=187/320,59/160<=pL<=119/320, 	AllSat
47/80<=pK<=189/320,29/80<=pL<=117/320, 	AllSat
189/320<=pK<=19/32,29/80<=pL<=117/320, 	AllSat
191/320<=pK<=3/5,117/320<=pL<=59/160, 	AllViolated
189/320<=pK<=19/32,59/160<=pL<=119/320, 	AllViolated
47/80<=pK<=189/320,119/320<=pL<=3/8, 	AllViolated
189/320<=pK<=19/32,119/320<=pL<=3/8, 	AllViolated
89/160<=pK<=179/320,61/160<=pL<=123/320, 	AllSat
179/320<=pK<=9/16,61/160<=pL<=123/320, 	AllSat
89/160<=pK<=179/320,123/320<=pL<=31/80, 	AllSat
91/160<=pK<=183/320,3/8<=pL<=121/320, 	AllSat
183/320<=pK<=23/40,3/8<=pL<=121/320, 	AllSat
9/16<=pK<=181/320,61/160<=pL<=123/320, 	AllSat
183/320<=pK<=23/40,61/160<=pL<=123/320, 	AllViolated
91/160<=pK<=183/320,123/320<=pL<=31/80, 	AllViolated
183/320<=pK<=23/40,123/320<=pL<=31/80, 	AllViolated
11/20<=pK<=177/320,31/80<=pL<=25/64, 	AllSat
177/320<=pK<=89/160,31/80<=pL<=25/64, 	AllSat
179/320<=pK<=9/16,25/64<=pL<=63/160, 	AllViolated
177/320<=pK<=89/160,63/160<=pL<=127/320, 	AllViolated
11/20<=pK<=177/320,127/320<=pL<=2/5, 	AllViolated
177/320<=pK<=89/160,127/320<=pL<=2/5, 	AllViolated
37/64<=pK<=93/160,121/320<=pL<=61/160, 	AllViolated
99/160<=pK<=199/320,11/32<=pL<=111/320, 	AllSat
199/320<=pK<=5/8,11/32<=pL<=111/320, 	AllSat
99/160<=pK<=199/320,111/320<=pL<=7/20, 	AllSat
103/160<=pK<=207/320,53/160<=pL<=107/320, 	AllSat
207/320<=pK<=13/20,53/160<=pL<=107/320, 	AllSat
101/160<=pK<=203/320,27/80<=pL<=109/320, 	AllSat
203/320<=pK<=51/80,27/80<=pL<=109/320, 	AllSat
201/320<=pK<=101/160,111/320<=pL<=7/20, 	AllViolated
203/320<=pK<=51/80,11/32<=pL<=111/320, 	AllViolated
101/160<=pK<=203/320,111/320<=pL<=7/20, 	AllViolated
203/320<=pK<=51/80,111/320<=pL<=7/20, 	AllViolated
41/64<=pK<=103/160,109/320<=pL<=11/32, 	AllViolated
207/320<=pK<=13/20,27/80<=pL<=109/320, 	AllViolated
103/160<=pK<=207/320,109/320<=pL<=11/32, 	AllViolated
207/320<=pK<=13/20,109/320<=pL<=11/32, 	AllViolated
107/160<=pK<=43/64,51/160<=pL<=103/320, 	AllSat
43/64<=pK<=27/40,51/160<=pL<=103/320, 	AllSat
111/160<=pK<=223/320,49/160<=pL<=99/320, 	AllSat
223/320<=pK<=7/10,49/160<=pL<=99/320, 	AllSat
109/160<=pK<=219/320,5/16<=pL<=101/320, 	AllSat
219/320<=pK<=11/16,5/16<=pL<=101/320, 	AllSat
217/320<=pK<=109/160,103/320<=pL<=13/40, 	AllViolated
219/320<=pK<=11/16,51/160<=pL<=103/320, 	AllViolated
109/160<=pK<=219/320,103/320<=pL<=13/40, 	AllViolated
219/320<=pK<=11/16,103/320<=pL<=13/40, 	AllViolated
221/320<=pK<=111/160,101/320<=pL<=51/160, 	AllViolated
223/320<=pK<=7/10,5/16<=pL<=101/320, 	AllViolated
111/160<=pK<=223/320,101/320<=pL<=51/160, 	AllViolated
223/320<=pK<=7/10,101/320<=pL<=51/160, 	AllViolated
21/32<=pK<=211/320,13/40<=pL<=21/64, 	AllSat
211/320<=pK<=53/80,13/40<=pL<=21/64, 	AllSat
209/320<=pK<=21/32,107/320<=pL<=27/80, 	AllViolated
211/320<=pK<=53/80,53/160<=pL<=107/320, 	AllViolated
21/32<=pK<=211/320,107/320<=pL<=27/80, 	AllViolated
211/320<=pK<=53/80,107/320<=pL<=27/80, 	AllViolated
213/320<=pK<=107/160,21/64<=pL<=53/160, 	AllViolated
43/64<=pK<=27/40,13/40<=pL<=21/64, 	AllViolated
107/160<=pK<=43/64,21/64<=pL<=53/160, 	AllViolated
43/64<=pK<=27/40,21/64<=pL<=53/160, 	AllViolated
97/160<=pK<=39/64,7/20<=pL<=113/320, 	AllSat
39/64<=pK<=49/80,7/20<=pL<=113/320, 	AllSat
97/160<=pK<=39/64,113/320<=pL<=57/160, 	AllSat
3/5<=pK<=193/320,57/160<=pL<=23/64, 	AllSat
97/160<=pK<=39/64,23/64<=pL<=29/80, 	AllViolated
39/64<=pK<=49/80,23/64<=pL<=29/80, 	AllViolated
49/80<=pK<=197/320,7/20<=pL<=113/320, 	Unknown
197/320<=pK<=99/160,7/20<=pL<=113/320, 	Unknown
49/80<=pK<=197/320,113/320<=pL<=57/160, 	Unknown
197/320<=pK<=99/160,113/320<=pL<=57/160, 	Unknown
99/160<=pK<=199/320,7/20<=pL<=113/320, 	Unknown
199/320<=pK<=5/8,7/20<=pL<=113/320, 	Unknown
99/160<=pK<=199/320,113/320<=pL<=57/160, 	Unknown
199/320<=pK<=5/8,113/320<=pL<=57/160, 	Unknown
3/5<=pK<=193/320,29/80<=pL<=117/320, 	Unknown
193/320<=pK<=97/160,29/80<=pL<=117/320, 	Unknown
3/5<=pK<=193/320,117/320<=pL<=59/160, 	Unknown
193/320<=pK<=97/160,117/320<=pL<=59/160, 	Unknown
81/160<=pK<=163/320,67/160<=pL<=27/64, 	Unknown
163/320<=pK<=41/80,67/160<=pL<=27/64, 	Unknown
81/160<=pK<=163/320,27/64<=pL<=17/40, 	Unknown
163/320<=pK<=41/80,27/64<=pL<=17/40, 	Unknown
83/160<=pK<=167/320,33/80<=pL<=133/320, 	Unknown
167/320<=pK<=21/40,33/80<=pL<=133/320, 	Unknown
83/160<=pK<=167/320,133/320<=pL<=67/160, 	Unknown
167/320<=pK<=21/40,133/320<=pL<=67/160, 	Unknown
41/80<=pK<=33/64,67/160<=pL<=27/64, 	Unknown
33/64<=pK<=83/160,67/160<=pL<=27/64, 	Unknown
41/80<=pK<=33/64,27/64<=pL<=17/40, 	Unknown
33/64<=pK<=83/160,27/64<=pL<=17/40, 	Unknown
83/160<=pK<=167/320,67/160<=pL<=27/64, 	Unknown
167/320<=pK<=21/40,67/160<=pL<=27/64, 	Unknown
83/160<=pK<=167/320,27/64<=pL<=17/40, 	Unknown
167/320<=pK<=21/40,27/64<=pL<=17/40, 	Unknown
17/32<=pK<=171/320,2/5<=pL<=129/320, 	Unknown
171/320<=pK<=43/80,2/5<=pL<=129/320, 	Unknown
17/32<=pK<=171/320,129/320<=pL<=13/32, 	Unknown
171/320<=pK<=43/80,129/320<=pL<=13/32, 	Unknown
21/40<=pK<=169/320,13/32<=pL<=131/320, 	Unknown
169/320<=pK<=17/32,13/32<=pL<=131/320, 	Unknown
21/40<=pK<=169/320,131/320<=pL<=33/80, 	Unknown
169/320<=pK<=17/32,131/320<=pL<=33/80, 	Unknown
17/32<=pK<=171/320,13/32<=pL<=131/320, 	Unknown
171/320<=pK<=43/80,13/32<=pL<=131/320, 	Unknown
17/32<=pK<=171/320,131/320<=pL<=33/80, 	Unknown
171/320<=pK<=43/80,131/320<=pL<=33/80, 	Unknown
43/80<=pK<=173/320,2/5<=pL<=129/320, 	Unknown
173/320<=pK<=87/160,2/5<=pL<=129/320, 	Unknown
43/80<=pK<=173/320,129/320<=pL<=13/32, 	Unknown
173/320<=pK<=87/160,129/320<=pL<=13/32, 	Unknown
87/160<=pK<=35/64,2/5<=pL<=129/320, 	Unknown
35/64<=pK<=11/20,2/5<=pL<=129/320, 	Unknown
87/160<=pK<=35/64,129/320<=pL<=13/32, 	Unknown
35/64<=pK<=11/20,129/320<=pL<=13/32, 	Unknown
21/40<=pK<=169/320,33/80<=pL<=133/320, 	Unknown
169/320<=pK<=17/32,33/80<=pL<=133/320, 	Unknown
21/40<=pK<=169/320,133/320<=pL<=67/160, 	Unknown
169/320<=pK<=17/32,133/320<=pL<=67/160, 	Unknown
1/2<=pK<=161/320,17/40<=pL<=137/320, 	Unknown
161/320<=pK<=81/160,17/40<=pL<=137/320, 	Unknown
1/2<=pK<=161/320,137/320<=pL<=69/160, 	Unknown
161/320<=pK<=81/160,137/320<=pL<=69/160, 	Unknown
81/160<=pK<=163/320,17/40<=pL<=137/320, 	Unknown
163/320<=pK<=41/80,17/40<=pL<=137/320, 	Unknown
81/160<=pK<=163/320,137/320<=pL<=69/160, 	Unknown
163/320<=pK<=41/80,137/320<=pL<=69/160, 	Unknown
1/2<=pK<=161/320,69/160<=pL<=139/320, 	Unknown
161/320<=pK<=81/160,69/160<=pL<=139/320, 	Unknown
1/2<=pK<=161/320,139/320<=pL<=7/16, 	Unknown
161/320<=pK<=81/160,139/320<=pL<=7/16, 	Unknown
113/160<=pK<=227/320,3/10<=pL<=97/320, 	Unknown
227/320<=pK<=57/80,3/10<=pL<=97/320, 	Unknown
113/160<=pK<=227/320,97/320<=pL<=49/160, 	Unknown
227/320<=pK<=57/80,97/320<=pL<=49/160, 	Unknown
7/10<=pK<=45/64,49/160<=pL<=99/320, 	Unknown
45/64<=pK<=113/160,49/160<=pL<=99/320, 	Unknown
7/10<=pK<=45/64,99/320<=pL<=5/16, 	Unknown
45/64<=pK<=113/160,99/320<=pL<=5/16, 	Unknown
113/160<=pK<=227/320,49/160<=pL<=99/320, 	Unknown
227/320<=pK<=57/80,49/160<=pL<=99/320, 	Unknown
113/160<=pK<=227/320,99/320<=pL<=5/16, 	Unknown
227/320<=pK<=57/80,99/320<=pL<=5/16, 	Unknown
57/80<=pK<=229/320,3/10<=pL<=97/320, 	Unknown
229/320<=pK<=23/32,3/10<=pL<=97/320, 	Unknown
57/80<=pK<=229/320,97/320<=pL<=49/160, 	Unknown
229/320<=pK<=23/32,97/320<=pL<=49/160, 	Unknown
23/32<=pK<=231/320,3/10<=pL<=97/320, 	Unknown
231/320<=pK<=29/40,3/10<=pL<=97/320, 	Unknown
23/32<=pK<=231/320,97/320<=pL<=49/160, 	Unknown
231/320<=pK<=29/40,97/320<=pL<=49/160, 	Unknown
29/40<=pK<=233/320,3/10<=pL<=97/320, 	Unknown
233/320<=pK<=117/160,3/10<=pL<=97/320, 	Unknown
29/40<=pK<=233/320,97/320<=pL<=49/160, 	Unknown
233/320<=pK<=117/160,97/320<=pL<=49/160, 	Unknown
63/160<=pK<=127/320,87/160<=pL<=35/64, 	Unknown
127/320<=pK<=2/5,87/160<=pL<=35/64, 	Unknown
63/160<=pK<=127/320,35/64<=pL<=11/20, 	Unknown
127/320<=pK<=2/5,35/64<=pL<=11/20, 	Unknown
61/160<=pK<=123/320,89/160<=pL<=179/320, 	Unknown
123/320<=pK<=31/80,89/160<=pL<=179/320, 	Unknown
61/160<=pK<=123/320,179/320<=pL<=9/16, 	Unknown
123/320<=pK<=31/80,179/320<=pL<=9/16, 	Unknown
31/80<=pK<=25/64,11/20<=pL<=177/320, 	Unknown
25/64<=pK<=63/160,11/20<=pL<=177/320, 	Unknown
31/80<=pK<=25/64,177/320<=pL<=89/160, 	Unknown
25/64<=pK<=63/160,177/320<=pL<=89/160, 	Unknown
63/160<=pK<=127/320,11/20<=pL<=177/320, 	Unknown
127/320<=pK<=2/5,11/20<=pL<=177/320, 	Unknown
63/160<=pK<=127/320,177/320<=pL<=89/160, 	Unknown
127/320<=pK<=2/5,177/320<=pL<=89/160, 	Unknown
31/80<=pK<=25/64,89/160<=pL<=179/320, 	Unknown
25/64<=pK<=63/160,89/160<=pL<=179/320, 	Unknown
31/80<=pK<=25/64,179/320<=pL<=9/16, 	Unknown
25/64<=pK<=63/160,179/320<=pL<=9/16, 	Unknown
61/160<=pK<=123/320,9/16<=pL<=181/320, 	Unknown
123/320<=pK<=31/80,9/16<=pL<=181/320, 	Unknown
61/160<=pK<=123/320,181/320<=pL<=91/160, 	Unknown
123/320<=pK<=31/80,181/320<=pL<=91/160, 	Unknown
3/8<=pK<=121/320,91/160<=pL<=183/320, 	Unknown
121/320<=pK<=61/160,91/160<=pL<=183/320, 	Unknown
3/8<=pK<=121/320,183/320<=pL<=23/40, 	Unknown
121/320<=pK<=61/160,183/320<=pL<=23/40, 	Unknown
61/160<=pK<=123/320,91/160<=pL<=183/320, 	Unknown
123/320<=pK<=31/80,91/160<=pL<=183/320, 	Unknown
61/160<=pK<=123/320,183/320<=pL<=23/40, 	Unknown
123/320<=pK<=31/80,183/320<=pL<=23/40, 	Unknown
59/160<=pK<=119/320,23/40<=pL<=37/64, 	Unknown
119/320<=pK<=3/8,23/40<=pL<=37/64, 	Unknown
59/160<=pK<=119/320,37/64<=pL<=93/160, 	Unknown
119/320<=pK<=3/8,37/64<=pL<=93/160, 	Unknown
59/160<=pK<=119/320,93/160<=pL<=187/320, 	Unknown
119/320<=pK<=3/8,93/160<=pL<=187/320, 	Unknown
59/160<=pK<=119/320,187/320<=pL<=47/80, 	Unknown
119/320<=pK<=3/8,187/320<=pL<=47/80, 	Unknown
29/80<=pK<=117/320,47/80<=pL<=189/320, 	Unknown
117/320<=pK<=59/160,47/80<=pL<=189/320, 	Unknown
29/80<=pK<=117/320,189/320<=pL<=19/32, 	Unknown
117/320<=pK<=59/160,189/320<=pL<=19/32, 	Unknown
59/160<=pK<=119/320,47/80<=pL<=189/320, 	Unknown
119/320<=pK<=3/8,47/80<=pL<=189/320, 	Unknown
59/160<=pK<=119/320,189/320<=pL<=19/32, 	Unknown
119/320<=pK<=3/8,189/320<=pL<=19/32, 	Unknown
29/80<=pK<=117/320,19/32<=pL<=191/320, 	Unknown
117/320<=pK<=59/160,19/32<=pL<=191/320, 	Unknown
29/80<=pK<=117/320,191/320<=pL<=3/5, 	Unknown
117/320<=pK<=59/160,191/320<=pL<=3/5, 	Unknown
3/8<=pK<=121/320,23/40<=pL<=37/64, 	Unknown
121/320<=pK<=61/160,23/40<=pL<=37/64, 	Unknown
3/8<=pK<=121/320,37/64<=pL<=93/160, 	Unknown
121/320<=pK<=61/160,37/64<=pL<=93/160, 	Unknown
67/160<=pK<=27/64,81/160<=pL<=163/320, 	Unknown
27/64<=pK<=17/40,81/160<=pL<=163/320, 	Unknown
67/160<=pK<=27/64,163/320<=pL<=41/80, 	Unknown
27/64<=pK<=17/40,163/320<=pL<=41/80, 	Unknown
67/160<=pK<=27/64,41/80<=pL<=33/64, 	Unknown
27/64<=pK<=17/40,41/80<=pL<=33/64, 	Unknown
67/160<=pK<=27/64,33/64<=pL<=83/160, 	Unknown
27/64<=pK<=17/40,33/64<=pL<=83/160, 	Unknown
33/80<=pK<=133/320,83/160<=pL<=167/320, 	Unknown
133/320<=pK<=67/160,83/160<=pL<=167/320, 	Unknown
33/80<=pK<=133/320,167/320<=pL<=21/40, 	Unknown
133/320<=pK<=67/160,167/320<=pL<=21/40, 	Unknown
67/160<=pK<=27/64,83/160<=pL<=167/320, 	Unknown
27/64<=pK<=17/40,83/160<=pL<=167/320, 	Unknown
67/160<=pK<=27/64,167/320<=pL<=21/40, 	Unknown
27/64<=pK<=17/40,167/320<=pL<=21/40, 	Unknown
17/40<=pK<=137/320,1/2<=pL<=161/320, 	Unknown
137/320<=pK<=69/160,1/2<=pL<=161/320, 	Unknown
17/40<=pK<=137/320,161/320<=pL<=81/160, 	Unknown
137/320<=pK<=69/160,161/320<=pL<=81/160, 	Unknown
69/160<=pK<=139/320,1/2<=pL<=161/320, 	Unknown
139/320<=pK<=7/16,1/2<=pL<=161/320, 	Unknown
69/160<=pK<=139/320,161/320<=pL<=81/160, 	Unknown
139/320<=pK<=7/16,161/320<=pL<=81/160, 	Unknown
17/40<=pK<=137/320,81/160<=pL<=163/320, 	Unknown
137/320<=pK<=69/160,81/160<=pL<=163/320, 	Unknown
17/40<=pK<=137/320,163/320<=pL<=41/80, 	Unknown
137/320<=pK<=69/160,163/320<=pL<=41/80, 	Unknown
13/32<=pK<=131/320,21/40<=pL<=169/320, 	Unknown
131/320<=pK<=33/80,21/40<=pL<=169/320, 	Unknown
13/32<=pK<=131/320,169/320<=pL<=17/32, 	Unknown
131/320<=pK<=33/80,169/320<=pL<=17/32, 	Unknown
2/5<=pK<=129/320,17/32<=pL<=171/320, 	Unknown
129/320<=pK<=13/32,17/32<=pL<=171/320, 	Unknown
2/5<=pK<=129/320,171/320<=pL<=43/80, 	Unknown
129/320<=pK<=13/32,171/320<=pL<=43/80, 	Unknown
13/32<=pK<=131/320,17/32<=pL<=171/320, 	Unknown
131/320<=pK<=33/80,17/32<=pL<=171/320, 	Unknown
13/32<=pK<=131/320,171/320<=pL<=43/80, 	Unknown
131/320<=pK<=33/80,171/320<=pL<=43/80, 	Unknown
33/80<=pK<=133/320,21/40<=pL<=169/320, 	Unknown
133/320<=pK<=67/160,21/40<=pL<=169/320, 	Unknown
33/80<=pK<=133/320,169/320<=pL<=17/32, 	Unknown
133/320<=pK<=67/160,169/320<=pL<=17/32, 	Unknown
2/5<=pK<=129/320,43/80<=pL<=173/320, 	Unknown
129/320<=pK<=13/32,43/80<=pL<=173/320, 	Unknown
2/5<=pK<=129/320,173/320<=pL<=87/160, 	Unknown
129/320<=pK<=13/32,173/320<=pL<=87/160, 	Unknown
2/5<=pK<=129/320,87/160<=pL<=35/64, 	Unknown
129/320<=pK<=13/32,87/160<=pL<=35/64, 	Unknown
2/5<=pK<=129/320,35/64<=pL<=11/20, 	Unknown
129/320<=pK<=13/32,35/64<=pL<=11/20, 	Unknown
11/32<=pK<=111/320,99/160<=pL<=199/320, 	Unknown
111/320<=pK<=7/20,99/160<=pL<=199/320, 	Unknown
11/32<=pK<=111/320,199/320<=pL<=5/8, 	Unknown
111/320<=pK<=7/20,199/320<=pL<=5/8, 	Unknown
11/32<=pK<=111/320,5/8<=pL<=201/320, 	Unknown
111/320<=pK<=7/20,5/8<=pL<=201/320, 	Unknown
11/32<=pK<=111/320,201/320<=pL<=101/160, 	Unknown
111/320<=pK<=7/20,201/320<=pL<=101/160, 	Unknown
27/80<=pK<=109/320,101/160<=pL<=203/320, 	Unknown
109/320<=pK<=11/32,101/160<=pL<=203/320, 	Unknown
27/80<=pK<=109/320,203/320<=pL<=51/80, 	Unknown
109/320<=pK<=11/32,203/320<=pL<=51/80, 	Unknown
11/32<=pK<=111/320,101/160<=pL<=203/320, 	Unknown
111/320<=pK<=7/20,101/160<=pL<=203/320, 	Unknown
11/32<=pK<=111/320,203/320<=pL<=51/80, 	Unknown
111/320<=pK<=7/20,203/320<=pL<=51/80, 	Unknown
53/160<=pK<=107/320,103/160<=pL<=207/320, 	Unknown
107/320<=pK<=27/80,103/160<=pL<=207/320, 	Unknown
53/160<=pK<=107/320,207/320<=pL<=13/20, 	Unknown
107/320<=pK<=27/80,207/320<=pL<=13/20, 	Unknown
27/80<=pK<=109/320,51/80<=pL<=41/64, 	Unknown
109/320<=pK<=11/32,51/80<=pL<=41/64, 	Unknown
27/80<=pK<=109/320,41/64<=pL<=103/160, 	Unknown
109/320<=pK<=11/32,41/64<=pL<=103/160, 	Unknown
27/80<=pK<=109/320,103/160<=pL<=207/320, 	Unknown
109/320<=pK<=11/32,103/160<=pL<=207/320, 	Unknown
27/80<=pK<=109/320,207/320<=pL<=13/20, 	Unknown
109/320<=pK<=11/32,207/320<=pL<=13/20, 	Unknown
57/160<=pK<=23/64,3/5<=pL<=193/320, 	Unknown
23/64<=pK<=29/80,3/5<=pL<=193/320, 	Unknown
57/160<=pK<=23/64,193/320<=pL<=97/160, 	Unknown
23/64<=pK<=29/80,193/320<=pL<=97/160, 	Unknown
7/20<=pK<=113/320,97/160<=pL<=39/64, 	Unknown
113/320<=pK<=57/160,97/160<=pL<=39/64, 	Unknown
7/20<=pK<=113/320,39/64<=pL<=49/80, 	Unknown
113/320<=pK<=57/160,39/64<=pL<=49/80, 	Unknown
57/160<=pK<=23/64,97/160<=pL<=39/64, 	Unknown
23/64<=pK<=29/80,97/160<=pL<=39/64, 	Unknown
57/160<=pK<=23/64,39/64<=pL<=49/80, 	Unknown
23/64<=pK<=29/80,39/64<=pL<=49/80, 	Unknown
29/80<=pK<=117/320,3/5<=pL<=193/320, 	Unknown
117/320<=pK<=59/160,3/5<=pL<=193/320, 	Unknown
29/80<=pK<=117/320,193/320<=pL<=97/160, 	Unknown
117/320<=pK<=59/160,193/320<=pL<=97/160, 	Unknown
7/20<=pK<=113/320,49/80<=pL<=197/320, 	Unknown
113/320<=pK<=57/160,49/80<=pL<=197/320, 	Unknown
7/20<=pK<=113/320,197/320<=pL<=99/160, 	Unknown
113/320<=pK<=57/160,197/320<=pL<=99/160, 	Unknown
7/20<=pK<=113/320,99/160<=pL<=199/320, 	Unknown
113/320<=pK<=57/160,99/160<=pL<=199/320, 	Unknown
7/20<=pK<=113/320,199/320<=pL<=5/8, 	Unknown
113/320<=pK<=57/160,199/320<=pL<=5/8, 	Unknown
51/160<=pK<=103/320,107/160<=pL<=43/64, 	Unknown
103/320<=pK<=13/40,107/160<=pL<=43/64, 	Unknown
51/160<=pK<=103/320,43/64<=pL<=27/40, 	Unknown
103/320<=pK<=13/40,43/64<=pL<=27/40, 	Unknown
53/160<=pK<=107/320,13/20<=pL<=209/320, 	Unknown
107/320<=pK<=27/80,13/20<=pL<=209/320, 	Unknown
53/160<=pK<=107/320,209/320<=pL<=21/32, 	Unknown
107/320<=pK<=27/80,209/320<=pL<=21/32, 	Unknown
13/40<=pK<=21/64,21/32<=pL<=211/320, 	Unknown
21/64<=pK<=53/160,21/32<=pL<=211/320, 	Unknown
13/40<=pK<=21/64,211/320<=pL<=53/80, 	Unknown
21/64<=pK<=53/160,211/320<=pL<=53/80, 	Unknown
53/160<=pK<=107/320,21/32<=pL<=211/320, 	Unknown
107/320<=pK<=27/80,21/32<=pL<=211/320, 	Unknown
53/160<=pK<=107/320,211/320<=pL<=53/80, 	Unknown
107/320<=pK<=27/80,211/320<=pL<=53/80, 	Unknown
13/40<=pK<=21/64,53/80<=pL<=213/320, 	Unknown
21/64<=pK<=53/160,53/80<=pL<=213/320, 	Unknown
13/40<=pK<=21/64,213/320<=pL<=107/160, 	Unknown
21/64<=pK<=53/160,213/320<=pL<=107/160, 	Unknown
13/40<=pK<=21/64,107/160<=pL<=43/64, 	Unknown
21/64<=pK<=53/160,107/160<=pL<=43/64, 	Unknown
13/40<=pK<=21/64,43/64<=pL<=27/40, 	Unknown
21/64<=pK<=53/160,43/64<=pL<=27/40, 	Unknown
51/160<=pK<=103/320,27/40<=pL<=217/320, 	Unknown
103/320<=pK<=13/40,27/40<=pL<=217/320, 	Unknown
51/160<=pK<=103/320,217/320<=pL<=109/160, 	Unknown
103/320<=pK<=13/40,217/320<=pL<=109/160, 	Unknown
5/16<=pK<=101/320,109/160<=pL<=219/320, 	Unknown
101/320<=pK<=51/160,109/160<=pL<=219/320, 	Unknown
5/16<=pK<=101/320,219/320<=pL<=11/16, 	Unknown
101/320<=pK<=51/160,219/320<=pL<=11/16, 	Unknown
51/160<=pK<=103/320,109/160<=pL<=219/320, 	Unknown
103/320<=pK<=13/40,109/160<=pL<=219/320, 	Unknown
51/160<=pK<=103/320,219/320<=pL<=11/16, 	Unknown
103/320<=pK<=13/40,219/320<=pL<=11/16, 	Unknown
49/160<=pK<=99/320,111/160<=pL<=223/320, 	Unknown
99/320<=pK<=5/16,111/160<=pL<=223/320, 	Unknown
49/160<=pK<=99/320,223/320<=pL<=7/10, 	Unknown
99/320<=pK<=5/16,223/320<=pL<=7/10, 	Unknown
5/16<=pK<=101/320,11/16<=pL<=221/320, 	Unknown
101/320<=pK<=51/160,11/16<=pL<=221/320, 	Unknown
5/16<=pK<=101/320,221/320<=pL<=111/160, 	Unknown
101/320<=pK<=51/160,221/320<=pL<=111/160, 	Unknown
5/16<=pK<=101/320,111/160<=pL<=223/320, 	Unknown
101/320<=pK<=51/160,111/160<=pL<=223/320, 	Unknown
5/16<=pK<=101/320,223/320<=pL<=7/10, 	Unknown
101/320<=pK<=51/160,223/320<=pL<=7/10, 	Unknown
47/160<=pK<=19/64,29/40<=pL<=233/320, 	Unknown
19/64<=pK<=3/10,29/40<=pL<=233/320, 	Unknown
47/160<=pK<=19/64,233/320<=pL<=117/160, 	Unknown
19/64<=pK<=3/10,233/320<=pL<=117/160, 	Unknown
47/160<=pK<=19/64,117/160<=pL<=47/64, 	Unknown
19/64<=pK<=3/10,117/160<=pL<=47/64, 	Unknown
47/160<=pK<=19/64,47/64<=pL<=59/80, 	Unknown
19/64<=pK<=3/10,47/64<=pL<=59/80, 	Unknown
23/80<=pK<=93/320,59/80<=pL<=237/320, 	Unknown
93/320<=pK<=47/160,59/80<=pL<=237/320, 	Unknown
23/80<=pK<=93/320,237/320<=pL<=119/160, 	Unknown
93/320<=pK<=47/160,237/320<=pL<=119/160, 	Unknown
47/160<=pK<=19/64,59/80<=pL<=237/320, 	Unknown
19/64<=pK<=3/10,59/80<=pL<=237/320, 	Unknown
47/160<=pK<=19/64,237/320<=pL<=119/160, 	Unknown
19/64<=pK<=3/10,237/320<=pL<=119/160, 	Unknown
23/80<=pK<=93/320,119/160<=pL<=239/320, 	Unknown
93/320<=pK<=47/160,119/160<=pL<=239/320, 	Unknown
23/80<=pK<=93/320,239/320<=pL<=3/4, 	Unknown
93/320<=pK<=47/160,239/320<=pL<=3/4, 	Unknown
9/32<=pK<=91/320,121/160<=pL<=243/320, 	Unknown
91/320<=pK<=23/80,121/160<=pL<=243/320, 	Unknown
9/32<=pK<=91/320,243/320<=pL<=61/80, 	Unknown
91/320<=pK<=23/80,243/320<=pL<=61/80, 	Unknown
23/80<=pK<=93/320,3/4<=pL<=241/320, 	Unknown
93/320<=pK<=47/160,3/4<=pL<=241/320, 	Unknown
23/80<=pK<=93/320,241/320<=pL<=121/160, 	Unknown
93/320<=pK<=47/160,241/320<=pL<=121/160, 	Unknown
23/80<=pK<=93/320,121/160<=pL<=243/320, 	Unknown
93/320<=pK<=47/160,121/160<=pL<=243/320, 	Unknown
23/80<=pK<=93/320,243/320<=pL<=61/80, 	Unknown
93/320<=pK<=47/160,243/320<=pL<=61/80, 	Unknown
9/32<=pK<=91/320,61/80<=pL<=49/64, 	Unknown
91/320<=pK<=23/80,61/80<=pL<=49/64, 	Unknown
9/32<=pK<=91/320,49/64<=pL<=123/160, 	Unknown
91/320<=pK<=23/80,49/64<=pL<=123/160, 	Unknown
11/40<=pK<=89/320,123/160<=pL<=247/320, 	Unknown
89/320<=pK<=9/32,123/160<=pL<=247/320, 	Unknown
11/40<=pK<=89/320,247/320<=pL<=31/40, 	Unknown
89/320<=pK<=9/32,247/320<=pL<=31/40, 	Unknown
9/32<=pK<=91/320,123/160<=pL<=247/320, 	Unknown
91/320<=pK<=23/80,123/160<=pL<=247/320, 	Unknown
9/32<=pK<=91/320,247/320<=pL<=31/40, 	Unknown
91/320<=pK<=23/80,247/320<=pL<=31/40, 	Unknown
43/160<=pK<=87/320,63/80<=pL<=253/320, 	Unknown
87/320<=pK<=11/40,63/80<=pL<=253/320, 	Unknown
43/160<=pK<=87/320,253/320<=pL<=127/160, 	Unknown
87/320<=pK<=11/40,253/320<=pL<=127/160, 	Unknown
43/160<=pK<=87/320,127/160<=pL<=51/64, 	Unknown
87/320<=pK<=11/40,127/160<=pL<=51/64, 	Unknown
43/160<=pK<=87/320,51/64<=pL<=4/5, 	Unknown
87/320<=pK<=11/40,51/64<=pL<=4/5, 	Unknown
11/40<=pK<=89/320,31/40<=pL<=249/320, 	Unknown
89/320<=pK<=9/32,31/40<=pL<=249/320, 	Unknown
11/40<=pK<=89/320,249/320<=pL<=25/32, 	Unknown
89/320<=pK<=9/32,249/320<=pL<=25/32, 	Unknown
11/40<=pK<=89/320,25/32<=pL<=251/320, 	Unknown
89/320<=pK<=9/32,25/32<=pL<=251/320, 	Unknown
11/40<=pK<=89/320,251/320<=pL<=63/80, 	Unknown
89/320<=pK<=9/32,251/320<=pL<=63/80, 	Unknown
11/40<=pK<=89/320,63/80<=pL<=253/320, 	Unknown
89/320<=pK<=9/32,63/80<=pL<=253/320, 	Unknown
11/40<=pK<=89/320,253/320<=pL<=127/160, 	Unknown
89/320<=pK<=9/32,253/320<=pL<=127/160, 	Unknown
43/160<=pK<=87/320,4/5<=pL<=257/320, 	Unknown
87/320<=pK<=11/40,4/5<=pL<=257/320, 	Unknown
43/160<=pK<=87/320,257/320<=pL<=129/160, 	Unknown
87/320<=pK<=11/40,257/320<=pL<=129/160, 	Unknown
21/80<=pK<=17/64,129/160<=pL<=259/320, 	Unknown
17/64<=pK<=43/160,129/160<=pL<=259/320, 	Unknown
21/80<=pK<=17/64,259/320<=pL<=13/16, 	Unknown
17/64<=pK<=43/160,259/320<=pL<=13/16, 	Unknown
43/160<=pK<=87/320,129/160<=pL<=259/320, 	Unknown
87/320<=pK<=11/40,129/160<=pL<=259/320, 	Unknown
43/160<=pK<=87/320,259/320<=pL<=13/16, 	Unknown
87/320<=pK<=11/40,259/320<=pL<=13/16, 	Unknown
21/80<=pK<=17/64,13/16<=pL<=261/320, 	Unknown
17/64<=pK<=43/160,13/16<=pL<=261/320, 	Unknown
21/80<=pK<=17/64,261/320<=pL<=131/160, 	Unknown
17/64<=pK<=43/160,261/320<=pL<=131/160, 	Unknown
21/80<=pK<=17/64,131/160<=pL<=263/320, 	Unknown
17/64<=pK<=43/160,131/160<=pL<=263/320, 	Unknown
21/80<=pK<=17/64,263/320<=pL<=33/40, 	Unknown
17/64<=pK<=43/160,263/320<=pL<=33/40, 	Unknown
41/160<=pK<=83/320,33/40<=pL<=53/64, 	Unknown
83/320<=pK<=21/80,33/40<=pL<=53/64, 	Unknown
41/160<=pK<=83/320,53/64<=pL<=133/160, 	Unknown
83/320<=pK<=21/80,53/64<=pL<=133/160, 	Unknown
41/160<=pK<=83/320,133/160<=pL<=267/320, 	Unknown
83/320<=pK<=21/80,133/160<=pL<=267/320, 	Unknown
41/160<=pK<=83/320,267/320<=pL<=67/80, 	Unknown
83/320<=pK<=21/80,267/320<=pL<=67/80, 	Unknown
21/80<=pK<=17/64,33/40<=pL<=53/64, 	Unknown
17/64<=pK<=43/160,33/40<=pL<=53/64, 	Unknown
21/80<=pK<=17/64,53/64<=pL<=133/160, 	Unknown
17/64<=pK<=43/160,53/64<=pL<=133/160, 	Unknown
41/160<=pK<=83/320,67/80<=pL<=269/320, 	Unknown
83/320<=pK<=21/80,67/80<=pL<=269/320, 	Unknown
41/160<=pK<=83/320,269/320<=pL<=27/32, 	Unknown
83/320<=pK<=21/80,269/320<=pL<=27/32, 	Unknown
1/4<=pK<=81/320,27/32<=pL<=271/320, 	Unknown
81/320<=pK<=41/160,27/32<=pL<=271/320, 	Unknown
1/4<=pK<=81/320,271/320<=pL<=17/20, 	Unknown
81/320<=pK<=41/160,271/320<=pL<=17/20, 	Unknown
41/160<=pK<=83/320,27/32<=pL<=271/320, 	Unknown
83/320<=pK<=21/80,27/32<=pL<=271/320, 	Unknown
41/160<=pK<=83/320,271/320<=pL<=17/20, 	Unknown
83/320<=pK<=21/80,271/320<=pL<=17/20, 	Unknown
39/160<=pK<=79/320,139/160<=pL<=279/320, 	Unknown
79/320<=pK<=1/4,139/160<=pL<=279/320, 	Unknown
39/160<=pK<=79/320,279/320<=pL<=7/8, 	Unknown
79/320<=pK<=1/4,279/320<=pL<=7/8, 	Unknown
39/160<=pK<=79/320,7/8<=pL<=281/320, 	Unknown
79/320<=pK<=1/4,7/8<=pL<=281/320, 	Unknown
39/160<=pK<=79/320,281/320<=pL<=141/160, 	Unknown
79/320<=pK<=1/4,281/320<=pL<=141/160, 	Unknown
39/160<=pK<=79/320,141/160<=pL<=283/320, 	Unknown
79/320<=pK<=1/4,141/160<=pL<=283/320, 	Unknown
39/160<=pK<=79/320,283/320<=pL<=71/80, 	Unknown
79/320<=pK<=1/4,283/320<=pL<=71/80, 	Unknown
19/80<=pK<=77/320,71/80<=pL<=57/64, 	Unknown
77/320<=pK<=39/160,71/80<=pL<=57/64, 	Unknown
19/80<=pK<=77/320,57/64<=pL<=143/160, 	Unknown
77/320<=pK<=39/160,57/64<=pL<=143/160, 	Unknown
39/160<=pK<=79/320,71/80<=pL<=57/64, 	Unknown
79/320<=pK<=1/4,71/80<=pL<=57/64, 	Unknown
39/160<=pK<=79/320,57/64<=pL<=143/160, 	Unknown
79/320<=pK<=1/4,57/64<=pL<=143/160, 	Unknown
19/80<=pK<=77/320,143/160<=pL<=287/320, 	Unknown
77/320<=pK<=39/160,143/160<=pL<=287/320, 	Unknown
19/80<=pK<=77/320,287/320<=pL<=9/10, 	Unknown
77/320<=pK<=39/160,287/320<=pL<=9/10, 	Unknown
1/4<=pK<=81/320,17/20<=pL<=273/320, 	Unknown
81/320<=pK<=41/160,17/20<=pL<=273/320, 	Unknown
1/4<=pK<=81/320,273/320<=pL<=137/160, 	Unknown
81/320<=pK<=41/160,273/320<=pL<=137/160, 	Unknown
1/4<=pK<=81/320,137/160<=pL<=55/64, 	Unknown
81/320<=pK<=41/160,137/160<=pL<=55/64, 	Unknown
1/4<=pK<=81/320,55/64<=pL<=69/80, 	Unknown
81/320<=pK<=41/160,55/64<=pL<=69/80, 	Unknown
1/4<=pK<=81/320,69/80<=pL<=277/320, 	Unknown
81/320<=pK<=41/160,69/80<=pL<=277/320, 	Unknown
1/4<=pK<=81/320,277/320<=pL<=139/160, 	Unknown
81/320<=pK<=41/160,277/320<=pL<=139/160, 	Unknown
1/4<=pK<=81/320,139/160<=pL<=279/320, 	Unknown
81/320<=pK<=41/160,139/160<=pL<=279/320, 	Unknown
1/4<=pK<=81/320,279/320<=pL<=7/8, 	Unknown
81/320<=pK<=41/160,279/320<=pL<=7/8, 	Unknown
49/160<=pK<=99/320,7/10<=pL<=45/64, 	Unknown
99/320<=pK<=5/16,7/10<=pL<=45/64, 	Unknown
49/160<=pK<=99/320,45/64<=pL<=113/160, 	Unknown
99/320<=pK<=5/16,45/64<=pL<=113/160, 	Unknown
3/10<=pK<=97/320,113/160<=pL<=227/320, 	Unknown
97/320<=pK<=49/160,113/160<=pL<=227/320, 	Unknown
3/10<=pK<=97/320,227/320<=pL<=57/80, 	Unknown
97/320<=pK<=49/160,227/320<=pL<=57/80, 	Unknown
49/160<=pK<=99/320,113/160<=pL<=227/320, 	Unknown
99/320<=pK<=5/16,113/160<=pL<=227/320, 	Unknown
49/160<=pK<=99/320,227/320<=pL<=57/80, 	Unknown
99/320<=pK<=5/16,227/320<=pL<=57/80, 	Unknown
3/10<=pK<=97/320,57/80<=pL<=229/320, 	Unknown
97/320<=pK<=49/160,57/80<=pL<=229/320, 	Unknown
3/10<=pK<=97/320,229/320<=pL<=23/32, 	Unknown
97/320<=pK<=49/160,229/320<=pL<=23/32, 	Unknown
3/10<=pK<=97/320,23/32<=pL<=231/320, 	Unknown
97/320<=pK<=49/160,23/32<=pL<=231/320, 	Unknown
3/10<=pK<=97/320,231/320<=pL<=29/40, 	Unknown
97/320<=pK<=49/160,231/320<=pL<=29/40, 	Unknown
3/10<=pK<=97/320,29/40<=pL<=233/320, 	Unknown
97/320<=pK<=49/160,29/40<=pL<=233/320, 	Unknown
3/10<=pK<=97/320,233/320<=pL<=117/160, 	Unknown
97/320<=pK<=49/160,233/320<=pL<=117/160, 	Unknown
159/320<=pK<=319/640,139/320<=pL<=279/640, 	ExistsSat
319/640<=pK<=1/2,139/320<=pL<=279/640, 	ExistsSat
159/320<=pK<=319/640,279/640<=pL<=7/16, 	ExistsSat
319/640<=pK<=1/2,279/640<=pL<=7/16, 	ExistsSat
31/64<=pK<=311/640,71/160<=pL<=57/128, 	ExistsSat
311/640<=pK<=39/80,71/160<=pL<=57/128, 	ExistsSat
31/64<=pK<=311/640,57/128<=pL<=143/320, 	ExistsSat
311/640<=pK<=39/80,57/128<=pL<=143/320, 	ExistsSat
77/160<=pK<=309/640,143/320<=pL<=287/640, 	ExistsSat
309/640<=pK<=31/64,143/320<=pL<=287/640, 	ExistsSat
77/160<=pK<=309/640,287/640<=pL<=9/20, 	ExistsSat
309/640<=pK<=31/64,287/640<=pL<=9/20, 	ExistsSat
31/64<=pK<=311/640,143/320<=pL<=287/640, 	ExistsViolated
311/640<=pK<=39/80,143/320<=pL<=287/640, 	ExistsViolated
31/64<=pK<=311/640,287/640<=pL<=9/20, 	ExistsViolated
311/640<=pK<=39/80,287/640<=pL<=9/20, 	ExistsViolated
157/320<=pK<=63/128,141/320<=pL<=283/640, 	ExistsSat
63/128<=pK<=79/160,141/320<=pL<=283/640, 	ExistsSat
157/320<=pK<=63/128,283/640<=pL<=71/160, 	ExistsSat
63/128<=pK<=79/160,283/640<=pL<=71/160, 	ExistsSat
79/160<=pK<=317/640,7/16<=pL<=281/640, 	ExistsSat
317/640<=pK<=159/320,7/16<=pL<=281/640, 	ExistsSat
79/160<=pK<=317/640,281/640<=pL<=141/320, 	ExistsSat
317/640<=pK<=159/320,281/640<=pL<=141/320, 	ExistsSat
159/320<=pK<=319/640,7/16<=pL<=281/640, 	ExistsViolated
319/640<=pK<=1/2,7/16<=pL<=281/640, 	ExistsViolated
159/320<=pK<=319/640,281/640<=pL<=141/320, 	ExistsViolated
319/640<=pK<=1/2,281/640<=pL<=141/320, 	ExistsViolated
79/160<=pK<=317/640,141/320<=pL<=283/640, 	ExistsViolated
317/640<=pK<=159/320,141/320<=pL<=283/640, 	ExistsViolated
79/160<=pK<=317/640,283/640<=pL<=71/160, 	ExistsViolated
317/640<=pK<=159/320,283/640<=pL<=71/160, 	ExistsViolated
39/80<=pK<=313/640,71/160<=pL<=57/128, 	ExistsViolated
313/640<=pK<=157/320,71/160<=pL<=57/128, 	ExistsViolated
39/80<=pK<=313/640,57/128<=pL<=143/320, 	ExistsViolated
313/640<=pK<=157/320,57/128<=pL<=143/320, 	ExistsViolated
157/320<=pK<=63/128,71/160<=pL<=57/128, 	ExistsViolated
63/128<=pK<=79/160,71/160<=pL<=57/128, 	ExistsViolated
157/320<=pK<=63/128,57/128<=pL<=143/320, 	ExistsViolated
63/128<=pK<=79/160,57/128<=pL<=143/320, 	ExistsViolated
143/320<=pK<=287/640,77/160<=pL<=309/640, 	ExistsSat
287/640<=pK<=9/20,77/160<=pL<=309/640, 	ExistsSat
143/320<=pK<=287/640,309/640<=pL<=31/64, 	ExistsSat
287/640<=pK<=9/20,309/640<=pL<=31/64, 	ExistsSat
71/160<=pK<=57/128,31/64<=pL<=311/640, 	ExistsSat
57/128<=pK<=143/320,31/64<=pL<=311/640, 	ExistsSat
71/160<=pK<=57/128,311/640<=pL<=39/80, 	ExistsSat
57/128<=pK<=143/320,311/640<=pL<=39/80, 	ExistsSat
143/320<=pK<=287/640,31/64<=pL<=311/640, 	ExistsViolated
287/640<=pK<=9/20,31/64<=pL<=311/640, 	ExistsViolated
143/320<=pK<=287/640,311/640<=pL<=39/80, 	ExistsViolated
287/640<=pK<=9/20,311/640<=pL<=39/80, 	ExistsViolated
139/320<=pK<=279/640,159/320<=pL<=319/640, 	ExistsSat
279/640<=pK<=7/16,159/320<=pL<=319/640, 	ExistsSat
139/320<=pK<=279/640,319/640<=pL<=1/2, 	ExistsSat
279/640<=pK<=7/16,319/640<=pL<=1/2, 	ExistsSat
141/320<=pK<=283/640,157/320<=pL<=63/128, 	ExistsSat
283/640<=pK<=71/160,157/320<=pL<=63/128, 	ExistsSat
141/320<=pK<=283/640,63/128<=pL<=79/160, 	ExistsSat
283/640<=pK<=71/160,63/128<=pL<=79/160, 	ExistsSat
71/160<=pK<=57/128,39/80<=pL<=313/640, 	ExistsViolated
57/128<=pK<=143/320,39/80<=pL<=313/640, 	ExistsViolated
71/160<=pK<=57/128,313/640<=pL<=157/320, 	ExistsViolated
57/128<=pK<=143/320,313/640<=pL<=157/320, 	ExistsViolated
71/160<=pK<=57/128,157/320<=pL<=63/128, 	ExistsViolated
57/128<=pK<=143/320,157/320<=pL<=63/128, 	ExistsViolated
71/160<=pK<=57/128,63/128<=pL<=79/160, 	ExistsViolated
57/128<=pK<=143/320,63/128<=pL<=79/160, 	ExistsViolated
7/16<=pK<=281/640,79/160<=pL<=317/640, 	ExistsSat
281/640<=pK<=141/320,79/160<=pL<=317/640, 	ExistsSat
7/16<=pK<=281/640,317/640<=pL<=159/320, 	ExistsSat
281/640<=pK<=141/320,317/640<=pL<=159/320, 	ExistsSat
141/320<=pK<=283/640,79/160<=pL<=317/640, 	ExistsViolated
283/640<=pK<=71/160,79/160<=pL<=317/640, 	ExistsViolated
141/320<=pK<=283/640,317/640<=pL<=159/320, 	ExistsViolated
283/640<=pK<=71/160,317/640<=pL<=159/320, 	ExistsViolated
7/16<=pK<=281/640,159/320<=pL<=319/640, 	ExistsViolated
281/640<=pK<=141/320,159/320<=pL<=319/640, 	ExistsViolated
7/16<=pK<=281/640,319/640<=pL<=1/2, 	ExistsViolated
281/640<=pK<=141/320,319/640<=pL<=1/2, 	ExistsViolated
151/320<=pK<=303/640,73/160<=pL<=293/640, 	ExistsSat
303/640<=pK<=19/40,73/160<=pL<=293/640, 	ExistsSat
151/320<=pK<=303/640,293/640<=pL<=147/320, 	ExistsSat
303/640<=pK<=19/40,293/640<=pL<=147/320, 	ExistsSat
15/32<=pK<=301/640,147/320<=pL<=59/128, 	ExistsSat
301/640<=pK<=151/320,147/320<=pL<=59/128, 	ExistsSat
15/32<=pK<=301/640,59/128<=pL<=37/80, 	ExistsSat
301/640<=pK<=151/320,59/128<=pL<=37/80, 	ExistsSat
151/320<=pK<=303/640,147/320<=pL<=59/128, 	ExistsViolated
303/640<=pK<=19/40,147/320<=pL<=59/128, 	ExistsViolated
151/320<=pK<=303/640,59/128<=pL<=37/80, 	ExistsViolated
303/640<=pK<=19/40,59/128<=pL<=37/80, 	ExistsViolated
147/320<=pK<=59/128,15/32<=pL<=301/640, 	ExistsSat
59/128<=pK<=37/80,15/32<=pL<=301/640, 	ExistsSat
147/320<=pK<=59/128,301/640<=pL<=151/320, 	ExistsSat
59/128<=pK<=37/80,301/640<=pL<=151/320, 	ExistsSat
73/160<=pK<=293/640,151/320<=pL<=303/640, 	ExistsSat
293/640<=pK<=147/320,151/320<=pL<=303/640, 	ExistsSat
73/160<=pK<=293/640,303/640<=pL<=19/40, 	ExistsSat
293/640<=pK<=147/320,303/640<=pL<=19/40, 	ExistsSat
147/320<=pK<=59/128,151/320<=pL<=303/640, 	ExistsViolated
59/128<=pK<=37/80,151/320<=pL<=303/640, 	ExistsViolated
147/320<=pK<=59/128,303/640<=pL<=19/40, 	ExistsViolated
59/128<=pK<=37/80,303/640<=pL<=19/40, 	ExistsViolated
149/320<=pK<=299/640,37/80<=pL<=297/640, 	ExistsSat
299/640<=pK<=15/32,37/80<=pL<=297/640, 	ExistsSat
149/320<=pK<=299/640,297/640<=pL<=149/320, 	ExistsSat
299/640<=pK<=15/32,297/640<=pL<=149/320, 	ExistsSat
37/80<=pK<=297/640,149/320<=pL<=299/640, 	ExistsSat
297/640<=pK<=149/320,149/320<=pL<=299/640, 	ExistsSat
37/80<=pK<=297/640,299/640<=pL<=15/32, 	ExistsSat
297/640<=pK<=149/320,299/640<=pL<=15/32, 	ExistsSat
149/320<=pK<=299/640,149/320<=pL<=299/640, 	ExistsViolated
299/640<=pK<=15/32,149/320<=pL<=299/640, 	ExistsViolated
149/320<=pK<=299/640,299/640<=pL<=15/32, 	ExistsViolated
299/640<=pK<=15/32,299/640<=pL<=15/32, 	ExistsViolated
15/32<=pK<=301/640,37/80<=pL<=297/640, 	ExistsViolated
301/640<=pK<=151/320,37/80<=pL<=297/640, 	ExistsViolated
15/32<=pK<=301/640,297/640<=pL<=149/320, 	ExistsViolated
301/640<=pK<=151/320,297/640<=pL<=149/320, 	ExistsViolated
37/80<=pK<=297/640,15/32<=pL<=301/640, 	ExistsViolated
297/640<=pK<=149/320,15/32<=pL<=301/640, 	ExistsViolated
37/80<=pK<=297/640,301/640<=pL<=151/320, 	ExistsViolated
297/640<=pK<=149/320,301/640<=pL<=151/320, 	ExistsViolated
153/320<=pK<=307/640,9/20<=pL<=289/640, 	ExistsSat
307/640<=pK<=77/160,9/20<=pL<=289/640, 	ExistsSat
153/320<=pK<=307/640,289/640<=pL<=29/64, 	ExistsSat
307/640<=pK<=77/160,289/640<=pL<=29/64, 	ExistsSat
19/40<=pK<=61/128,29/64<=pL<=291/640, 	ExistsSat
61/128<=pK<=153/320,29/64<=pL<=291/640, 	ExistsSat
19/40<=pK<=61/128,291/640<=pL<=73/160, 	ExistsSat
61/128<=pK<=153/320,291/640<=pL<=73/160, 	ExistsSat
153/320<=pK<=307/640,29/64<=pL<=291/640, 	ExistsViolated
307/640<=pK<=77/160,29/64<=pL<=291/640, 	ExistsViolated
153/320<=pK<=307/640,291/640<=pL<=73/160, 	ExistsViolated
307/640<=pK<=77/160,291/640<=pL<=73/160, 	ExistsViolated
77/160<=pK<=309/640,9/20<=pL<=289/640, 	ExistsViolated
309/640<=pK<=31/64,9/20<=pL<=289/640, 	ExistsViolated
77/160<=pK<=309/640,289/640<=pL<=29/64, 	ExistsViolated
309/640<=pK<=31/64,289/640<=pL<=29/64, 	ExistsViolated
19/40<=pK<=61/128,73/160<=pL<=293/640, 	ExistsViolated
61/128<=pK<=153/320,73/160<=pL<=293/640, 	ExistsViolated
19/40<=pK<=61/128,293/640<=pL<=147/320, 	ExistsViolated
61/128<=pK<=153/320,293/640<=pL<=147/320, 	ExistsViolated
29/64<=pK<=291/640,19/40<=pL<=61/128, 	ExistsSat
291/640<=pK<=73/160,19/40<=pL<=61/128, 	ExistsSat
29/64<=pK<=291/640,61/128<=pL<=153/320, 	ExistsSat
291/640<=pK<=73/160,61/128<=pL<=153/320, 	ExistsSat
9/20<=pK<=289/640,153/320<=pL<=307/640, 	ExistsSat
289/640<=pK<=29/64,153/320<=pL<=307/640, 	ExistsSat
9/20<=pK<=289/640,307/640<=pL<=77/160, 	ExistsSat
289/640<=pK<=29/64,307/640<=pL<=77/160, 	ExistsSat
29/64<=pK<=291/640,153/320<=pL<=307/640, 	ExistsViolated
291/640<=pK<=73/160,153/320<=pL<=307/640, 	ExistsViolated
29/64<=pK<=291/640,307/640<=pL<=77/160, 	ExistsViolated
291/640<=pK<=73/160,307/640<=pL<=77/160, 	ExistsViolated
73/160<=pK<=293/640,19/40<=pL<=61/128, 	ExistsViolated
293/640<=pK<=147/320,19/40<=pL<=61/128, 	ExistsViolated
73/160<=pK<=293/640,61/128<=pL<=153/320, 	ExistsViolated
293/640<=pK<=147/320,61/128<=pL<=153/320, 	ExistsViolated
9/20<=pK<=289/640,77/160<=pL<=309/640, 	ExistsViolated
289/640<=pK<=29/64,77/160<=pL<=309/640, 	ExistsViolated
9/20<=pK<=289/640,309/640<=pL<=31/64, 	ExistsViolated
289/640<=pK<=29/64,309/640<=pL<=31/64, 	ExistsViolated
29/40<=pK<=93/128,19/64<=pL<=191/640, 	ExistsSat
93/128<=pK<=233/320,19/64<=pL<=191/640, 	ExistsSat
29/40<=pK<=93/128,191/640<=pL<=3/10, 	ExistsSat
93/128<=pK<=233/320,191/640<=pL<=3/10, 	ExistsSat
233/320<=pK<=467/640,19/64<=pL<=191/640, 	ExistsViolated
467/640<=pK<=117/160,19/64<=pL<=191/640, 	ExistsViolated
233/320<=pK<=467/640,191/640<=pL<=3/10, 	ExistsViolated
467/640<=pK<=117/160,191/640<=pL<=3/10, 	ExistsViolated
117/160<=pK<=469/640,47/160<=pL<=189/640, 	ExistsSat
469/640<=pK<=47/64,47/160<=pL<=189/640, 	ExistsSat
117/160<=pK<=469/640,189/640<=pL<=19/64, 	ExistsSat
469/640<=pK<=47/64,189/640<=pL<=19/64, 	ExistsSat
47/64<=pK<=471/640,47/160<=pL<=189/640, 	ExistsSat
471/640<=pK<=59/80,47/160<=pL<=189/640, 	ExistsSat
47/64<=pK<=471/640,189/640<=pL<=19/64, 	ExistsSat
471/640<=pK<=59/80,189/640<=pL<=19/64, 	ExistsSat
117/160<=pK<=469/640,19/64<=pL<=191/640, 	ExistsViolated
469/640<=pK<=47/64,19/64<=pL<=191/640, 	ExistsViolated
117/160<=pK<=469/640,191/640<=pL<=3/10, 	ExistsViolated
469/640<=pK<=47/64,191/640<=pL<=3/10, 	ExistsViolated
237/320<=pK<=95/128,93/320<=pL<=187/640, 	ExistsSat
95/128<=pK<=119/160,93/320<=pL<=187/640, 	ExistsSat
237/320<=pK<=95/128,187/640<=pL<=47/160, 	ExistsSat
95/128<=pK<=119/160,187/640<=pL<=47/160, 	ExistsSat
239/320<=pK<=479/640,23/80<=pL<=37/128, 	ExistsSat
479/640<=pK<=3/4,23/80<=pL<=37/128, 	ExistsSat
239/320<=pK<=479/640,37/128<=pL<=93/320, 	ExistsSat
479/640<=pK<=3/4,37/128<=pL<=93/320, 	ExistsSat
119/160<=pK<=477/640,93/320<=pL<=187/640, 	ExistsViolated
477/640<=pK<=239/320,93/320<=pL<=187/640, 	ExistsViolated
119/160<=pK<=477/640,187/640<=pL<=47/160, 	ExistsViolated
477/640<=pK<=239/320,187/640<=pL<=47/160, 	ExistsViolated
239/320<=pK<=479/640,93/320<=pL<=187/640, 	ExistsViolated
479/640<=pK<=3/4,93/320<=pL<=187/640, 	ExistsViolated
239/320<=pK<=479/640,187/640<=pL<=47/160, 	ExistsViolated
479/640<=pK<=3/4,187/640<=pL<=47/160, 	ExistsViolated
59/80<=pK<=473/640,47/160<=pL<=189/640, 	ExistsViolated
473/640<=pK<=237/320,47/160<=pL<=189/640, 	ExistsViolated
59/80<=pK<=473/640,189/640<=pL<=19/64, 	ExistsViolated
473/640<=pK<=237/320,189/640<=pL<=19/64, 	ExistsViolated
237/320<=pK<=95/128,47/160<=pL<=189/640, 	ExistsViolated
95/128<=pK<=119/160,47/160<=pL<=189/640, 	ExistsViolated
237/320<=pK<=95/128,189/640<=pL<=19/64, 	ExistsViolated
95/128<=pK<=119/160,189/640<=pL<=19/64, 	ExistsViolated
253/320<=pK<=507/640,87/320<=pL<=35/128, 	ExistsSat
507/640<=pK<=127/160,87/320<=pL<=35/128, 	ExistsSat
253/320<=pK<=507/640,35/128<=pL<=11/40, 	ExistsSat
507/640<=pK<=127/160,35/128<=pL<=11/40, 	ExistsSat
127/160<=pK<=509/640,87/320<=pL<=35/128, 	ExistsSat
509/640<=pK<=51/64,87/320<=pL<=35/128, 	ExistsSat
127/160<=pK<=509/640,35/128<=pL<=11/40, 	ExistsSat
509/640<=pK<=51/64,35/128<=pL<=11/40, 	ExistsSat
51/64<=pK<=511/640,87/320<=pL<=35/128, 	ExistsViolated
511/640<=pK<=4/5,87/320<=pL<=35/128, 	ExistsViolated
51/64<=pK<=511/640,35/128<=pL<=11/40, 	ExistsViolated
511/640<=pK<=4/5,35/128<=pL<=11/40, 	ExistsViolated
121/160<=pK<=97/128,91/320<=pL<=183/640, 	ExistsSat
97/128<=pK<=243/320,91/320<=pL<=183/640, 	ExistsSat
121/160<=pK<=97/128,183/640<=pL<=23/80, 	ExistsSat
97/128<=pK<=243/320,183/640<=pL<=23/80, 	ExistsSat
243/320<=pK<=487/640,91/320<=pL<=183/640, 	ExistsSat
487/640<=pK<=61/80,91/320<=pL<=183/640, 	ExistsSat
243/320<=pK<=487/640,183/640<=pL<=23/80, 	ExistsSat
487/640<=pK<=61/80,183/640<=pL<=23/80, 	ExistsSat
247/320<=pK<=99/128,89/320<=pL<=179/640, 	ExistsSat
99/128<=pK<=31/40,89/320<=pL<=179/640, 	ExistsSat
247/320<=pK<=99/128,179/640<=pL<=9/32, 	ExistsSat
99/128<=pK<=31/40,179/640<=pL<=9/32, 	ExistsSat
49/64<=pK<=491/640,9/32<=pL<=181/640, 	ExistsSat
491/640<=pK<=123/160,9/32<=pL<=181/640, 	ExistsSat
49/64<=pK<=491/640,181/640<=pL<=91/320, 	ExistsSat
491/640<=pK<=123/160,181/640<=pL<=91/320, 	ExistsSat
61/80<=pK<=489/640,91/320<=pL<=183/640, 	ExistsViolated
489/640<=pK<=49/64,91/320<=pL<=183/640, 	ExistsViolated
61/80<=pK<=489/640,183/640<=pL<=23/80, 	ExistsViolated
489/640<=pK<=49/64,183/640<=pL<=23/80, 	ExistsViolated
49/64<=pK<=491/640,91/320<=pL<=183/640, 	ExistsViolated
491/640<=pK<=123/160,91/320<=pL<=183/640, 	ExistsViolated
49/64<=pK<=491/640,183/640<=pL<=23/80, 	ExistsViolated
491/640<=pK<=123/160,183/640<=pL<=23/80, 	ExistsViolated
123/160<=pK<=493/640,9/32<=pL<=181/640, 	ExistsViolated
493/640<=pK<=247/320,9/32<=pL<=181/640, 	ExistsViolated
123/160<=pK<=493/640,181/640<=pL<=91/320, 	ExistsViolated
493/640<=pK<=247/320,181/640<=pL<=91/320, 	ExistsViolated
247/320<=pK<=99/128,9/32<=pL<=181/640, 	ExistsViolated
99/128<=pK<=31/40,9/32<=pL<=181/640, 	ExistsViolated
247/320<=pK<=99/128,181/640<=pL<=91/320, 	ExistsViolated
99/128<=pK<=31/40,181/640<=pL<=91/320, 	ExistsViolated
3/4<=pK<=481/640,23/80<=pL<=37/128, 	ExistsSat
481/640<=pK<=241/320,23/80<=pL<=37/128, 	ExistsSat
3/4<=pK<=481/640,37/128<=pL<=93/320, 	ExistsSat
481/640<=pK<=241/320,37/128<=pL<=93/320, 	ExistsSat
241/320<=pK<=483/640,23/80<=pL<=37/128, 	ExistsViolated
483/640<=pK<=121/160,23/80<=pL<=37/128, 	ExistsViolated
241/320<=pK<=483/640,37/128<=pL<=93/320, 	ExistsViolated
483/640<=pK<=121/160,37/128<=pL<=93/320, 	ExistsViolated
121/160<=pK<=97/128,23/80<=pL<=37/128, 	ExistsViolated
97/128<=pK<=243/320,23/80<=pL<=37/128, 	ExistsViolated
121/160<=pK<=97/128,37/128<=pL<=93/320, 	ExistsViolated
97/128<=pK<=243/320,37/128<=pL<=93/320, 	ExistsViolated
31/40<=pK<=497/640,89/320<=pL<=179/640, 	ExistsSat
497/640<=pK<=249/320,89/320<=pL<=179/640, 	ExistsSat
31/40<=pK<=497/640,179/640<=pL<=9/32, 	ExistsSat
497/640<=pK<=249/320,179/640<=pL<=9/32, 	ExistsSat
249/320<=pK<=499/640,89/320<=pL<=179/640, 	ExistsViolated
499/640<=pK<=25/32,89/320<=pL<=179/640, 	ExistsViolated
249/320<=pK<=499/640,179/640<=pL<=9/32, 	ExistsViolated
499/640<=pK<=25/32,179/640<=pL<=9/32, 	ExistsViolated
25/32<=pK<=501/640,11/40<=pL<=177/640, 	ExistsSat
501/640<=pK<=251/320,11/40<=pL<=177/640, 	ExistsSat
25/32<=pK<=501/640,177/640<=pL<=89/320, 	ExistsSat
501/640<=pK<=251/320,177/640<=pL<=89/320, 	ExistsSat
251/320<=pK<=503/640,11/40<=pL<=177/640, 	ExistsSat
503/640<=pK<=63/80,11/40<=pL<=177/640, 	ExistsSat
251/320<=pK<=503/640,177/640<=pL<=89/320, 	ExistsSat
503/640<=pK<=63/80,177/640<=pL<=89/320, 	ExistsSat
25/32<=pK<=501/640,89/320<=pL<=179/640, 	ExistsViolated
501/640<=pK<=251/320,89/320<=pL<=179/640, 	ExistsViolated
25/32<=pK<=501/640,179/640<=pL<=9/32, 	ExistsViolated
501/640<=pK<=251/320,179/640<=pL<=9/32, 	ExistsViolated
63/80<=pK<=101/128,11/40<=pL<=177/640, 	ExistsViolated
101/128<=pK<=253/320,11/40<=pL<=177/640, 	ExistsViolated
63/80<=pK<=101/128,177/640<=pL<=89/320, 	ExistsViolated
101/128<=pK<=253/320,177/640<=pL<=89/320, 	ExistsViolated
253/320<=pK<=507/640,11/40<=pL<=177/640, 	ExistsViolated
507/640<=pK<=127/160,11/40<=pL<=177/640, 	ExistsViolated
253/320<=pK<=507/640,177/640<=pL<=89/320, 	ExistsViolated
507/640<=pK<=127/160,177/640<=pL<=89/320, 	ExistsViolated
139/160<=pK<=557/640,79/320<=pL<=159/640, 	ExistsSat
557/640<=pK<=279/320,79/320<=pL<=159/640, 	ExistsSat
139/160<=pK<=557/640,159/640<=pL<=1/4, 	ExistsSat
557/640<=pK<=279/320,159/640<=pL<=1/4, 	ExistsSat
279/320<=pK<=559/640,79/320<=pL<=159/640, 	ExistsSat
559/640<=pK<=7/8,79/320<=pL<=159/640, 	ExistsSat
279/320<=pK<=559/640,159/640<=pL<=1/4, 	ExistsSat
559/640<=pK<=7/8,159/640<=pL<=1/4, 	ExistsSat
7/8<=pK<=561/640,79/320<=pL<=159/640, 	ExistsViolated
561/640<=pK<=281/320,79/320<=pL<=159/640, 	ExistsViolated
7/8<=pK<=561/640,159/640<=pL<=1/4, 	ExistsViolated
561/640<=pK<=281/320,159/640<=pL<=1/4, 	ExistsViolated
281/320<=pK<=563/640,79/320<=pL<=159/640, 	ExistsViolated
563/640<=pK<=141/160,79/320<=pL<=159/640, 	ExistsViolated
281/320<=pK<=563/640,159/640<=pL<=1/4, 	ExistsViolated
563/640<=pK<=141/160,159/640<=pL<=1/4, 	ExistsViolated
141/160<=pK<=113/128,39/160<=pL<=157/640, 	ExistsSat
113/128<=pK<=283/320,39/160<=pL<=157/640, 	ExistsSat
141/160<=pK<=113/128,157/640<=pL<=79/320, 	ExistsSat
113/128<=pK<=283/320,157/640<=pL<=79/320, 	ExistsSat
283/320<=pK<=567/640,39/160<=pL<=157/640, 	ExistsSat
567/640<=pK<=71/80,39/160<=pL<=157/640, 	ExistsSat
283/320<=pK<=567/640,157/640<=pL<=79/320, 	ExistsSat
567/640<=pK<=71/80,157/640<=pL<=79/320, 	ExistsSat
141/160<=pK<=113/128,79/320<=pL<=159/640, 	ExistsViolated
113/128<=pK<=283/320,79/320<=pL<=159/640, 	ExistsViolated
141/160<=pK<=113/128,159/640<=pL<=1/4, 	ExistsViolated
113/128<=pK<=283/320,159/640<=pL<=1/4, 	ExistsViolated
57/64<=pK<=571/640,77/320<=pL<=31/128, 	ExistsSat
571/640<=pK<=143/160,77/320<=pL<=31/128, 	ExistsSat
57/64<=pK<=571/640,31/128<=pL<=39/160, 	ExistsSat
571/640<=pK<=143/160,31/128<=pL<=39/160, 	ExistsSat
143/160<=pK<=573/640,77/320<=pL<=31/128, 	ExistsSat
573/640<=pK<=287/320,77/320<=pL<=31/128, 	ExistsSat
143/160<=pK<=573/640,31/128<=pL<=39/160, 	ExistsSat
573/640<=pK<=287/320,31/128<=pL<=39/160, 	ExistsSat
287/320<=pK<=115/128,77/320<=pL<=31/128, 	ExistsSat
115/128<=pK<=9/10,77/320<=pL<=31/128, 	ExistsSat
287/320<=pK<=115/128,31/128<=pL<=39/160, 	ExistsSat
115/128<=pK<=9/10,31/128<=pL<=39/160, 	ExistsSat
71/80<=pK<=569/640,39/160<=pL<=157/640, 	ExistsViolated
569/640<=pK<=57/64,39/160<=pL<=157/640, 	ExistsViolated
71/80<=pK<=569/640,157/640<=pL<=79/320, 	ExistsViolated
569/640<=pK<=57/64,157/640<=pL<=79/320, 	ExistsViolated
57/64<=pK<=571/640,39/160<=pL<=157/640, 	ExistsViolated
571/640<=pK<=143/160,39/160<=pL<=157/640, 	ExistsViolated
57/64<=pK<=571/640,157/640<=pL<=79/320, 	ExistsViolated
571/640<=pK<=143/160,157/640<=pL<=79/320, 	ExistsViolated
259/320<=pK<=519/640,17/64<=pL<=171/640, 	ExistsSat
519/640<=pK<=13/16,17/64<=pL<=171/640, 	ExistsSat
259/320<=pK<=519/640,171/640<=pL<=43/160, 	ExistsSat
519/640<=pK<=13/16,171/640<=pL<=43/160, 	ExistsSat
4/5<=pK<=513/640,43/160<=pL<=173/640, 	ExistsSat
513/640<=pK<=257/320,43/160<=pL<=173/640, 	ExistsSat
4/5<=pK<=513/640,173/640<=pL<=87/320, 	ExistsSat
513/640<=pK<=257/320,173/640<=pL<=87/320, 	ExistsSat
257/320<=pK<=103/128,43/160<=pL<=173/640, 	ExistsSat
103/128<=pK<=129/160,43/160<=pL<=173/640, 	ExistsSat
257/320<=pK<=103/128,173/640<=pL<=87/320, 	ExistsSat
103/128<=pK<=129/160,173/640<=pL<=87/320, 	ExistsSat
4/5<=pK<=513/640,87/320<=pL<=35/128, 	ExistsViolated
513/640<=pK<=257/320,87/320<=pL<=35/128, 	ExistsViolated
4/5<=pK<=513/640,35/128<=pL<=11/40, 	ExistsViolated
513/640<=pK<=257/320,35/128<=pL<=11/40, 	ExistsViolated
129/160<=pK<=517/640,43/160<=pL<=173/640, 	ExistsViolated
517/640<=pK<=259/320,43/160<=pL<=173/640, 	ExistsViolated
129/160<=pK<=517/640,173/640<=pL<=87/320, 	ExistsViolated
517/640<=pK<=259/320,173/640<=pL<=87/320, 	ExistsViolated
259/320<=pK<=519/640,43/160<=pL<=173/640, 	ExistsViolated
519/640<=pK<=13/16,43/160<=pL<=173/640, 	ExistsViolated
259/320<=pK<=519/640,173/640<=pL<=87/320, 	ExistsViolated
519/640<=pK<=13/16,173/640<=pL<=87/320, 	ExistsViolated
13/16<=pK<=521/640,17/64<=pL<=171/640, 	ExistsSat
521/640<=pK<=261/320,17/64<=pL<=171/640, 	ExistsSat
13/16<=pK<=521/640,171/640<=pL<=43/160, 	ExistsSat
521/640<=pK<=261/320,171/640<=pL<=43/160, 	ExistsSat
261/320<=pK<=523/640,17/64<=pL<=171/640, 	ExistsViolated
523/640<=pK<=131/160,17/64<=pL<=171/640, 	ExistsViolated
261/320<=pK<=523/640,171/640<=pL<=43/160, 	ExistsViolated
523/640<=pK<=131/160,171/640<=pL<=43/160, 	ExistsViolated
131/160<=pK<=105/128,21/80<=pL<=169/640, 	ExistsSat
105/128<=pK<=263/320,21/80<=pL<=169/640, 	ExistsSat
131/160<=pK<=105/128,169/640<=pL<=17/64, 	ExistsSat
105/128<=pK<=263/320,169/640<=pL<=17/64, 	ExistsSat
263/320<=pK<=527/640,21/80<=pL<=169/640, 	ExistsSat
527/640<=pK<=33/40,21/80<=pL<=169/640, 	ExistsSat
263/320<=pK<=527/640,169/640<=pL<=17/64, 	ExistsSat
527/640<=pK<=33/40,169/640<=pL<=17/64, 	ExistsSat
131/160<=pK<=105/128,17/64<=pL<=171/640, 	ExistsViolated
105/128<=pK<=263/320,17/64<=pL<=171/640, 	ExistsViolated
131/160<=pK<=105/128,171/640<=pL<=43/160, 	ExistsViolated
105/128<=pK<=263/320,171/640<=pL<=43/160, 	ExistsViolated
53/64<=pK<=531/640,83/320<=pL<=167/640, 	ExistsSat
531/640<=pK<=133/160,83/320<=pL<=167/640, 	ExistsSat
53/64<=pK<=531/640,167/640<=pL<=21/80, 	ExistsSat
531/640<=pK<=133/160,167/640<=pL<=21/80, 	ExistsSat
133/160<=pK<=533/640,83/320<=pL<=167/640, 	ExistsSat
533/640<=pK<=267/320,83/320<=pL<=167/640, 	ExistsSat
133/160<=pK<=533/640,167/640<=pL<=21/80, 	ExistsSat
533/640<=pK<=267/320,167/640<=pL<=21/80, 	ExistsSat
267/320<=pK<=107/128,83/320<=pL<=167/640, 	ExistsViolated
107/128<=pK<=67/80,83/320<=pL<=167/640, 	ExistsViolated
267/320<=pK<=107/128,167/640<=pL<=21/80, 	ExistsViolated
107/128<=pK<=67/80,167/640<=pL<=21/80, 	ExistsViolated
271/320<=pK<=543/640,81/320<=pL<=163/640, 	ExistsSat
543/640<=pK<=17/20,81/320<=pL<=163/640, 	ExistsSat
271/320<=pK<=543/640,163/640<=pL<=41/160, 	ExistsSat
543/640<=pK<=17/20,163/640<=pL<=41/160, 	ExistsSat
67/80<=pK<=537/640,41/160<=pL<=33/128, 	ExistsSat
537/640<=pK<=269/320,41/160<=pL<=33/128, 	ExistsSat
67/80<=pK<=537/640,33/128<=pL<=83/320, 	ExistsSat
537/640<=pK<=269/320,33/128<=pL<=83/320, 	ExistsSat
269/320<=pK<=539/640,41/160<=pL<=33/128, 	ExistsSat
539/640<=pK<=27/32,41/160<=pL<=33/128, 	ExistsSat
269/320<=pK<=539/640,33/128<=pL<=83/320, 	ExistsSat
539/640<=pK<=27/32,33/128<=pL<=83/320, 	ExistsSat
67/80<=pK<=537/640,83/320<=pL<=167/640, 	ExistsViolated
537/640<=pK<=269/320,83/320<=pL<=167/640, 	ExistsViolated
67/80<=pK<=537/640,167/640<=pL<=21/80, 	ExistsViolated
537/640<=pK<=269/320,167/640<=pL<=21/80, 	ExistsViolated
27/32<=pK<=541/640,41/160<=pL<=33/128, 	ExistsViolated
541/640<=pK<=271/320,41/160<=pL<=33/128, 	ExistsViolated
27/32<=pK<=541/640,33/128<=pL<=83/320, 	ExistsViolated
541/640<=pK<=271/320,33/128<=pL<=83/320, 	ExistsViolated
271/320<=pK<=543/640,41/160<=pL<=33/128, 	ExistsViolated
543/640<=pK<=17/20,41/160<=pL<=33/128, 	ExistsViolated
271/320<=pK<=543/640,33/128<=pL<=83/320, 	ExistsViolated
543/640<=pK<=17/20,33/128<=pL<=83/320, 	ExistsViolated
33/40<=pK<=529/640,21/80<=pL<=169/640, 	ExistsViolated
529/640<=pK<=53/64,21/80<=pL<=169/640, 	ExistsViolated
33/40<=pK<=529/640,169/640<=pL<=17/64, 	ExistsViolated
529/640<=pK<=53/64,169/640<=pL<=17/64, 	ExistsViolated
53/64<=pK<=531/640,21/80<=pL<=169/640, 	ExistsViolated
531/640<=pK<=133/160,21/80<=pL<=169/640, 	ExistsViolated
53/64<=pK<=531/640,169/640<=pL<=17/64, 	ExistsViolated
531/640<=pK<=133/160,169/640<=pL<=17/64, 	ExistsViolated
17/20<=pK<=109/128,81/320<=pL<=163/640, 	ExistsSat
109/128<=pK<=273/320,81/320<=pL<=163/640, 	ExistsSat
17/20<=pK<=109/128,163/640<=pL<=41/160, 	ExistsSat
109/128<=pK<=273/320,163/640<=pL<=41/160, 	ExistsSat
273/320<=pK<=547/640,81/320<=pL<=163/640, 	ExistsSat
547/640<=pK<=137/160,81/320<=pL<=163/640, 	ExistsSat
273/320<=pK<=547/640,163/640<=pL<=41/160, 	ExistsSat
547/640<=pK<=137/160,163/640<=pL<=41/160, 	ExistsSat
55/64<=pK<=551/640,1/4<=pL<=161/640, 	ExistsSat
551/640<=pK<=69/80,1/4<=pL<=161/640, 	ExistsSat
55/64<=pK<=551/640,161/640<=pL<=81/320, 	ExistsSat
551/640<=pK<=69/80,161/640<=pL<=81/320, 	ExistsSat
137/160<=pK<=549/640,81/320<=pL<=163/640, 	ExistsViolated
549/640<=pK<=55/64,81/320<=pL<=163/640, 	ExistsViolated
137/160<=pK<=549/640,163/640<=pL<=41/160, 	ExistsViolated
549/640<=pK<=55/64,163/640<=pL<=41/160, 	ExistsViolated
55/64<=pK<=551/640,81/320<=pL<=163/640, 	ExistsViolated
551/640<=pK<=69/80,81/320<=pL<=163/640, 	ExistsViolated
55/64<=pK<=551/640,163/640<=pL<=41/160, 	ExistsViolated
551/640<=pK<=69/80,163/640<=pL<=41/160, 	ExistsViolated
69/80<=pK<=553/640,1/4<=pL<=161/640, 	ExistsSat
553/640<=pK<=277/320,1/4<=pL<=161/640, 	ExistsSat
69/80<=pK<=553/640,161/640<=pL<=81/320, 	ExistsSat
553/640<=pK<=277/320,161/640<=pL<=81/320, 	ExistsSat
277/320<=pK<=111/128,1/4<=pL<=161/640, 	ExistsViolated
111/128<=pK<=139/160,1/4<=pL<=161/640, 	ExistsViolated
277/320<=pK<=111/128,161/640<=pL<=81/320, 	ExistsViolated
111/128<=pK<=139/160,161/640<=pL<=81/320, 	ExistsViolated
139/160<=pK<=557/640,1/4<=pL<=161/640, 	ExistsViolated
557/640<=pK<=279/320,1/4<=pL<=161/640, 	ExistsViolated
139/160<=pK<=557/640,161/640<=pL<=81/320, 	ExistsViolated
557/640<=pK<=279/320,161/640<=pL<=81/320, 	ExistsViolated
35/64<=pK<=351/640,63/160<=pL<=253/640, 	ExistsSat
351/640<=pK<=11/20,63/160<=pL<=253/640, 	ExistsSat
35/64<=pK<=351/640,253/640<=pL<=127/320, 	ExistsSat
351/640<=pK<=11/20,253/640<=pL<=127/320, 	ExistsSat
87/160<=pK<=349/640,127/320<=pL<=51/128, 	ExistsSat
349/640<=pK<=35/64,127/320<=pL<=51/128, 	ExistsSat
87/160<=pK<=349/640,51/128<=pL<=2/5, 	ExistsSat
349/640<=pK<=35/64,51/128<=pL<=2/5, 	ExistsSat
35/64<=pK<=351/640,127/320<=pL<=51/128, 	ExistsViolated
351/640<=pK<=11/20,127/320<=pL<=51/128, 	ExistsViolated
35/64<=pK<=351/640,51/128<=pL<=2/5, 	ExistsViolated
351/640<=pK<=11/20,51/128<=pL<=2/5, 	ExistsViolated
37/64<=pK<=371/640,119/320<=pL<=239/640, 	ExistsSat
371/640<=pK<=93/160,119/320<=pL<=239/640, 	ExistsSat
37/64<=pK<=371/640,239/640<=pL<=3/8, 	ExistsSat
371/640<=pK<=93/160,239/640<=pL<=3/8, 	ExistsSat
187/320<=pK<=75/128,59/160<=pL<=237/640, 	ExistsSat
75/128<=pK<=47/80,59/160<=pL<=237/640, 	ExistsSat
187/320<=pK<=75/128,237/640<=pL<=119/320, 	ExistsSat
75/128<=pK<=47/80,237/640<=pL<=119/320, 	ExistsSat
93/160<=pK<=373/640,119/320<=pL<=239/640, 	ExistsSat
373/640<=pK<=187/320,119/320<=pL<=239/640, 	ExistsSat
93/160<=pK<=373/640,239/640<=pL<=3/8, 	ExistsSat
373/640<=pK<=187/320,239/640<=pL<=3/8, 	ExistsSat
187/320<=pK<=75/128,119/320<=pL<=239/640, 	ExistsViolated
75/128<=pK<=47/80,119/320<=pL<=239/640, 	ExistsViolated
187/320<=pK<=75/128,239/640<=pL<=3/8, 	ExistsViolated
75/128<=pK<=47/80,239/640<=pL<=3/8, 	ExistsViolated
47/80<=pK<=377/640,117/320<=pL<=47/128, 	ExistsSat
377/640<=pK<=189/320,117/320<=pL<=47/128, 	ExistsSat
47/80<=pK<=377/640,47/128<=pL<=59/160, 	ExistsSat
377/640<=pK<=189/320,47/128<=pL<=59/160, 	ExistsSat
189/320<=pK<=379/640,117/320<=pL<=47/128, 	ExistsSat
379/640<=pK<=19/32,117/320<=pL<=47/128, 	ExistsSat
189/320<=pK<=379/640,47/128<=pL<=59/160, 	ExistsSat
379/640<=pK<=19/32,47/128<=pL<=59/160, 	ExistsSat
19/32<=pK<=381/640,29/80<=pL<=233/640, 	ExistsSat
381/640<=pK<=191/320,29/80<=pL<=233/640, 	ExistsSat
19/32<=pK<=381/640,233/640<=pL<=117/320, 	ExistsSat
381/640<=pK<=191/320,233/640<=pL<=117/320, 	ExistsSat
191/320<=pK<=383/640,29/80<=pL<=233/640, 	ExistsViolated
383/640<=pK<=3/5,29/80<=pL<=233/640, 	ExistsViolated
191/320<=pK<=383/640,233/640<=pL<=117/320, 	ExistsViolated
383/640<=pK<=3/5,233/640<=pL<=117/320, 	ExistsViolated
19/32<=pK<=381/640,117/320<=pL<=47/128, 	ExistsViolated
381/640<=pK<=191/320,117/320<=pL<=47/128, 	ExistsViolated
19/32<=pK<=381/640,47/128<=pL<=59/160, 	ExistsViolated
381/640<=pK<=191/320,47/128<=pL<=59/160, 	ExistsViolated
47/80<=pK<=377/640,59/160<=pL<=237/640, 	ExistsViolated
377/640<=pK<=189/320,59/160<=pL<=237/640, 	ExistsViolated
47/80<=pK<=377/640,237/640<=pL<=119/320, 	ExistsViolated
377/640<=pK<=189/320,237/640<=pL<=119/320, 	ExistsViolated
179/320<=pK<=359/640,123/320<=pL<=247/640, 	ExistsSat
359/640<=pK<=9/16,123/320<=pL<=247/640, 	ExistsSat
179/320<=pK<=359/640,247/640<=pL<=31/80, 	ExistsSat
359/640<=pK<=9/16,247/640<=pL<=31/80, 	ExistsSat
91/160<=pK<=73/128,121/320<=pL<=243/640, 	ExistsSat
73/128<=pK<=183/320,121/320<=pL<=243/640, 	ExistsSat
91/160<=pK<=73/128,243/640<=pL<=61/160, 	ExistsSat
73/128<=pK<=183/320,243/640<=pL<=61/160, 	ExistsSat
183/320<=pK<=367/640,121/320<=pL<=243/640, 	ExistsSat
367/640<=pK<=23/40,121/320<=pL<=243/640, 	ExistsSat
183/320<=pK<=367/640,243/640<=pL<=61/160, 	ExistsSat
367/640<=pK<=23/40,243/640<=pL<=61/160, 	ExistsSat
181/320<=pK<=363/640,61/160<=pL<=49/128, 	ExistsSat
363/640<=pK<=91/160,61/160<=pL<=49/128, 	ExistsSat
181/320<=pK<=363/640,49/128<=pL<=123/320, 	ExistsSat
363/640<=pK<=91/160,49/128<=pL<=123/320, 	ExistsSat
9/16<=pK<=361/640,123/320<=pL<=247/640, 	ExistsSat
361/640<=pK<=181/320,123/320<=pL<=247/640, 	ExistsSat
9/16<=pK<=361/640,247/640<=pL<=31/80, 	ExistsSat
361/640<=pK<=181/320,247/640<=pL<=31/80, 	ExistsSat
181/320<=pK<=363/640,123/320<=pL<=247/640, 	ExistsViolated
363/640<=pK<=91/160,123/320<=pL<=247/640, 	ExistsViolated
181/320<=pK<=363/640,247/640<=pL<=31/80, 	ExistsViolated
363/640<=pK<=91/160,247/640<=pL<=31/80, 	ExistsViolated
91/160<=pK<=73/128,61/160<=pL<=49/128, 	ExistsViolated
73/128<=pK<=183/320,61/160<=pL<=49/128, 	ExistsViolated
91/160<=pK<=73/128,49/128<=pL<=123/320, 	ExistsViolated
73/128<=pK<=183/320,49/128<=pL<=123/320, 	ExistsViolated
11/20<=pK<=353/640,25/64<=pL<=251/640, 	ExistsSat
353/640<=pK<=177/320,25/64<=pL<=251/640, 	ExistsSat
11/20<=pK<=353/640,251/640<=pL<=63/160, 	ExistsSat
353/640<=pK<=177/320,251/640<=pL<=63/160, 	ExistsSat
177/320<=pK<=71/128,25/64<=pL<=251/640, 	ExistsSat
71/128<=pK<=89/160,25/64<=pL<=251/640, 	ExistsSat
177/320<=pK<=71/128,251/640<=pL<=63/160, 	ExistsSat
71/128<=pK<=89/160,251/640<=pL<=63/160, 	ExistsSat
89/160<=pK<=357/640,31/80<=pL<=249/640, 	ExistsSat
357/640<=pK<=179/320,31/80<=pL<=249/640, 	ExistsSat
89/160<=pK<=357/640,249/640<=pL<=25/64, 	ExistsSat
357/640<=pK<=179/320,249/640<=pL<=25/64, 	ExistsSat
179/320<=pK<=359/640,31/80<=pL<=249/640, 	ExistsViolated
359/640<=pK<=9/16,31/80<=pL<=249/640, 	ExistsViolated
179/320<=pK<=359/640,249/640<=pL<=25/64, 	ExistsViolated
359/640<=pK<=9/16,249/640<=pL<=25/64, 	ExistsViolated
89/160<=pK<=357/640,25/64<=pL<=251/640, 	ExistsViolated
357/640<=pK<=179/320,25/64<=pL<=251/640, 	ExistsViolated
89/160<=pK<=357/640,251/640<=pL<=63/160, 	ExistsViolated
357/640<=pK<=179/320,251/640<=pL<=63/160, 	ExistsViolated
11/20<=pK<=353/640,63/160<=pL<=253/640, 	ExistsViolated
353/640<=pK<=177/320,63/160<=pL<=253/640, 	ExistsViolated
11/20<=pK<=353/640,253/640<=pL<=127/320, 	ExistsViolated
353/640<=pK<=177/320,253/640<=pL<=127/320, 	ExistsViolated
23/40<=pK<=369/640,3/8<=pL<=241/640, 	ExistsSat
369/640<=pK<=37/64,3/8<=pL<=241/640, 	ExistsSat
23/40<=pK<=369/640,241/640<=pL<=121/320, 	ExistsSat
369/640<=pK<=37/64,241/640<=pL<=121/320, 	ExistsSat
37/64<=pK<=371/640,3/8<=pL<=241/640, 	ExistsViolated
371/640<=pK<=93/160,3/8<=pL<=241/640, 	ExistsViolated
37/64<=pK<=371/640,241/640<=pL<=121/320, 	ExistsViolated
371/640<=pK<=93/160,241/640<=pL<=121/320, 	ExistsViolated
23/40<=pK<=369/640,121/320<=pL<=243/640, 	ExistsViolated
369/640<=pK<=37/64,121/320<=pL<=243/640, 	ExistsViolated
23/40<=pK<=369/640,243/640<=pL<=61/160, 	ExistsViolated
369/640<=pK<=37/64,243/640<=pL<=61/160, 	ExistsViolated
199/320<=pK<=399/640,111/320<=pL<=223/640, 	ExistsSat
399/640<=pK<=5/8,111/320<=pL<=223/640, 	ExistsSat
199/320<=pK<=399/640,223/640<=pL<=7/20, 	ExistsSat
399/640<=pK<=5/8,223/640<=pL<=7/20, 	ExistsSat
103/160<=pK<=413/640,107/320<=pL<=43/128, 	ExistsSat
413/640<=pK<=207/320,107/320<=pL<=43/128, 	ExistsSat
103/160<=pK<=413/640,43/128<=pL<=27/80, 	ExistsSat
413/640<=pK<=207/320,43/128<=pL<=27/80, 	ExistsSat
207/320<=pK<=83/128,107/320<=pL<=43/128, 	ExistsViolated
83/128<=pK<=13/20,107/320<=pL<=43/128, 	ExistsViolated
207/320<=pK<=83/128,43/128<=pL<=27/80, 	ExistsViolated
83/128<=pK<=13/20,43/128<=pL<=27/80, 	ExistsViolated
101/160<=pK<=81/128,109/320<=pL<=219/640, 	ExistsSat
81/128<=pK<=203/320,109/320<=pL<=219/640, 	ExistsSat
101/160<=pK<=81/128,219/640<=pL<=11/32, 	ExistsSat
81/128<=pK<=203/320,219/640<=pL<=11/32, 	ExistsSat
203/320<=pK<=407/640,109/320<=pL<=219/640, 	ExistsSat
407/640<=pK<=51/80,109/320<=pL<=219/640, 	ExistsSat
203/320<=pK<=407/640,219/640<=pL<=11/32, 	ExistsSat
407/640<=pK<=51/80,219/640<=pL<=11/32, 	ExistsSat
5/8<=pK<=401/640,11/32<=pL<=221/640, 	ExistsSat
401/640<=pK<=201/320,11/32<=pL<=221/640, 	ExistsSat
5/8<=pK<=401/640,221/640<=pL<=111/320, 	ExistsSat
401/640<=pK<=201/320,221/640<=pL<=111/320, 	ExistsSat
201/320<=pK<=403/640,11/32<=pL<=221/640, 	ExistsSat
403/640<=pK<=101/160,11/32<=pL<=221/640, 	ExistsSat
201/320<=pK<=403/640,221/640<=pL<=111/320, 	ExistsSat
403/640<=pK<=101/160,221/640<=pL<=111/320, 	ExistsSat
5/8<=pK<=401/640,111/320<=pL<=223/640, 	ExistsViolated
401/640<=pK<=201/320,111/320<=pL<=223/640, 	ExistsViolated
5/8<=pK<=401/640,223/640<=pL<=7/20, 	ExistsViolated
401/640<=pK<=201/320,223/640<=pL<=7/20, 	ExistsViolated
101/160<=pK<=81/128,11/32<=pL<=221/640, 	ExistsViolated
81/128<=pK<=203/320,11/32<=pL<=221/640, 	ExistsViolated
101/160<=pK<=81/128,221/640<=pL<=111/320, 	ExistsViolated
81/128<=pK<=203/320,221/640<=pL<=111/320, 	ExistsViolated
51/80<=pK<=409/640,27/80<=pL<=217/640, 	ExistsSat
409/640<=pK<=41/64,27/80<=pL<=217/640, 	ExistsSat
51/80<=pK<=409/640,217/640<=pL<=109/320, 	ExistsSat
409/640<=pK<=41/64,217/640<=pL<=109/320, 	ExistsSat
41/64<=pK<=411/640,27/80<=pL<=217/640, 	ExistsSat
411/640<=pK<=103/160,27/80<=pL<=217/640, 	ExistsSat
41/64<=pK<=411/640,217/640<=pL<=109/320, 	ExistsSat
411/640<=pK<=103/160,217/640<=pL<=109/320, 	ExistsSat
51/80<=pK<=409/640,109/320<=pL<=219/640, 	ExistsViolated
409/640<=pK<=41/64,109/320<=pL<=219/640, 	ExistsViolated
51/80<=pK<=409/640,219/640<=pL<=11/32, 	ExistsViolated
409/640<=pK<=41/64,219/640<=pL<=11/32, 	ExistsViolated
103/160<=pK<=413/640,27/80<=pL<=217/640, 	ExistsViolated
413/640<=pK<=207/320,27/80<=pL<=217/640, 	ExistsViolated
103/160<=pK<=413/640,217/640<=pL<=109/320, 	ExistsViolated
413/640<=pK<=207/320,217/640<=pL<=109/320, 	ExistsViolated
107/160<=pK<=429/640,103/320<=pL<=207/640, 	ExistsSat
429/640<=pK<=43/64,103/320<=pL<=207/640, 	ExistsSat
107/160<=pK<=429/640,207/640<=pL<=13/40, 	ExistsSat
429/640<=pK<=43/64,207/640<=pL<=13/40, 	ExistsSat
43/64<=pK<=431/640,103/320<=pL<=207/640, 	ExistsViolated
431/640<=pK<=27/40,103/320<=pL<=207/640, 	ExistsViolated
43/64<=pK<=431/640,207/640<=pL<=13/40, 	ExistsViolated
431/640<=pK<=27/40,207/640<=pL<=13/40, 	ExistsViolated
111/160<=pK<=89/128,99/320<=pL<=199/640, 	ExistsSat
89/128<=pK<=223/320,99/320<=pL<=199/640, 	ExistsSat
111/160<=pK<=89/128,199/640<=pL<=5/16, 	ExistsSat
89/128<=pK<=223/320,199/640<=pL<=5/16, 	ExistsSat
223/320<=pK<=447/640,99/320<=pL<=199/640, 	ExistsSat
447/640<=pK<=7/10,99/320<=pL<=199/640, 	ExistsSat
223/320<=pK<=447/640,199/640<=pL<=5/16, 	ExistsSat
447/640<=pK<=7/10,199/640<=pL<=5/16, 	ExistsSat
109/160<=pK<=437/640,101/320<=pL<=203/640, 	ExistsSat
437/640<=pK<=219/320,101/320<=pL<=203/640, 	ExistsSat
109/160<=pK<=437/640,203/640<=pL<=51/160, 	ExistsSat
437/640<=pK<=219/320,203/640<=pL<=51/160, 	ExistsSat
219/320<=pK<=439/640,101/320<=pL<=203/640, 	ExistsSat
439/640<=pK<=11/16,101/320<=pL<=203/640, 	ExistsSat
219/320<=pK<=439/640,203/640<=pL<=51/160, 	ExistsSat
439/640<=pK<=11/16,203/640<=pL<=51/160, 	ExistsSat
27/40<=pK<=433/640,51/160<=pL<=41/128, 	ExistsSat
433/640<=pK<=217/320,51/160<=pL<=41/128, 	ExistsSat
27/40<=pK<=433/640,41/128<=pL<=103/320, 	ExistsSat
433/640<=pK<=217/320,41/128<=pL<=103/320, 	ExistsSat
217/320<=pK<=87/128,51/160<=pL<=41/128, 	ExistsSat
87/128<=pK<=109/160,51/160<=pL<=41/128, 	ExistsSat
217/320<=pK<=87/128,41/128<=pL<=103/320, 	ExistsSat
87/128<=pK<=109/160,41/128<=pL<=103/320, 	ExistsSat
27/40<=pK<=433/640,103/320<=pL<=207/640, 	ExistsViolated
433/640<=pK<=217/320,103/320<=pL<=207/640, 	ExistsViolated
27/40<=pK<=433/640,207/640<=pL<=13/40, 	ExistsViolated
433/640<=pK<=217/320,207/640<=pL<=13/40, 	ExistsViolated
109/160<=pK<=437/640,51/160<=pL<=41/128, 	ExistsViolated
437/640<=pK<=219/320,51/160<=pL<=41/128, 	ExistsViolated
109/160<=pK<=437/640,41/128<=pL<=103/320, 	ExistsViolated
437/640<=pK<=219/320,41/128<=pL<=103/320, 	ExistsViolated
11/16<=pK<=441/640,5/16<=pL<=201/640, 	ExistsSat
441/640<=pK<=221/320,5/16<=pL<=201/640, 	ExistsSat
11/16<=pK<=441/640,201/640<=pL<=101/320, 	ExistsSat
441/640<=pK<=221/320,201/640<=pL<=101/320, 	ExistsSat
221/320<=pK<=443/640,5/16<=pL<=201/640, 	ExistsSat
443/640<=pK<=111/160,5/16<=pL<=201/640, 	ExistsSat
221/320<=pK<=443/640,201/640<=pL<=101/320, 	ExistsSat
443/640<=pK<=111/160,201/640<=pL<=101/320, 	ExistsSat
11/16<=pK<=441/640,101/320<=pL<=203/640, 	ExistsViolated
441/640<=pK<=221/320,101/320<=pL<=203/640, 	ExistsViolated
11/16<=pK<=441/640,203/640<=pL<=51/160, 	ExistsViolated
441/640<=pK<=221/320,203/640<=pL<=51/160, 	ExistsViolated
111/160<=pK<=89/128,5/16<=pL<=201/640, 	ExistsViolated
89/128<=pK<=223/320,5/16<=pL<=201/640, 	ExistsViolated
111/160<=pK<=89/128,201/640<=pL<=101/320, 	ExistsViolated
89/128<=pK<=223/320,201/640<=pL<=101/320, 	ExistsViolated
21/32<=pK<=421/640,21/64<=pL<=211/640, 	ExistsSat
421/640<=pK<=211/320,21/64<=pL<=211/640, 	ExistsSat
21/32<=pK<=421/640,211/640<=pL<=53/160, 	ExistsSat
421/640<=pK<=211/320,211/640<=pL<=53/160, 	ExistsSat
211/320<=pK<=423/640,21/64<=pL<=211/640, 	ExistsViolated
423/640<=pK<=53/80,21/64<=pL<=211/640, 	ExistsViolated
211/320<=pK<=423/640,211/640<=pL<=53/160, 	ExistsViolated
423/640<=pK<=53/80,211/640<=pL<=53/160, 	ExistsViolated
13/20<=pK<=417/640,53/160<=pL<=213/640, 	ExistsSat
417/640<=pK<=209/320,53/160<=pL<=213/640, 	ExistsSat
13/20<=pK<=417/640,213/640<=pL<=107/320, 	ExistsSat
417/640<=pK<=209/320,213/640<=pL<=107/320, 	ExistsSat
209/320<=pK<=419/640,53/160<=pL<=213/640, 	ExistsViolated
419/640<=pK<=21/32,53/160<=pL<=213/640, 	ExistsViolated
209/320<=pK<=419/640,213/640<=pL<=107/320, 	ExistsViolated
419/640<=pK<=21/32,213/640<=pL<=107/320, 	ExistsViolated
13/20<=pK<=417/640,107/320<=pL<=43/128, 	ExistsViolated
417/640<=pK<=209/320,107/320<=pL<=43/128, 	ExistsViolated
13/20<=pK<=417/640,43/128<=pL<=27/80, 	ExistsViolated
417/640<=pK<=209/320,43/128<=pL<=27/80, 	ExistsViolated
21/32<=pK<=421/640,53/160<=pL<=213/640, 	ExistsViolated
421/640<=pK<=211/320,53/160<=pL<=213/640, 	ExistsViolated
21/32<=pK<=421/640,213/640<=pL<=107/320, 	ExistsViolated
421/640<=pK<=211/320,213/640<=pL<=107/320, 	ExistsViolated
53/80<=pK<=85/128,13/40<=pL<=209/640, 	ExistsSat
85/128<=pK<=213/320,13/40<=pL<=209/640, 	ExistsSat
53/80<=pK<=85/128,209/640<=pL<=21/64, 	ExistsSat
85/128<=pK<=213/320,209/640<=pL<=21/64, 	ExistsSat
213/320<=pK<=427/640,13/40<=pL<=209/640, 	ExistsViolated
427/640<=pK<=107/160,13/40<=pL<=209/640, 	ExistsViolated
213/320<=pK<=427/640,209/640<=pL<=21/64, 	ExistsViolated
427/640<=pK<=107/160,209/640<=pL<=21/64, 	ExistsViolated
53/80<=pK<=85/128,21/64<=pL<=211/640, 	ExistsViolated
85/128<=pK<=213/320,21/64<=pL<=211/640, 	ExistsViolated
53/80<=pK<=85/128,211/640<=pL<=53/160, 	ExistsViolated
85/128<=pK<=213/320,211/640<=pL<=53/160, 	ExistsViolated
107/160<=pK<=429/640,13/40<=pL<=209/640, 	ExistsViolated
429/640<=pK<=43/64,13/40<=pL<=209/640, 	ExistsViolated
107/160<=pK<=429/640,209/640<=pL<=21/64, 	ExistsViolated
429/640<=pK<=43/64,209/640<=pL<=21/64, 	ExistsViolated
39/64<=pK<=391/640,113/320<=pL<=227/640, 	ExistsSat
391/640<=pK<=49/80,113/320<=pL<=227/640, 	ExistsSat
39/64<=pK<=391/640,227/640<=pL<=57/160, 	ExistsSat
391/640<=pK<=49/80,227/640<=pL<=57/160, 	ExistsSat
193/320<=pK<=387/640,57/160<=pL<=229/640, 	ExistsSat
387/640<=pK<=97/160,57/160<=pL<=229/640, 	ExistsSat
193/320<=pK<=387/640,229/640<=pL<=23/64, 	ExistsSat
387/640<=pK<=97/160,229/640<=pL<=23/64, 	ExistsSat
3/5<=pK<=77/128,23/64<=pL<=231/640, 	ExistsSat
77/128<=pK<=193/320,23/64<=pL<=231/640, 	ExistsSat
3/5<=pK<=77/128,231/640<=pL<=29/80, 	ExistsSat
77/128<=pK<=193/320,231/640<=pL<=29/80, 	ExistsSat
193/320<=pK<=387/640,23/64<=pL<=231/640, 	ExistsViolated
387/640<=pK<=97/160,23/64<=pL<=231/640, 	ExistsViolated
193/320<=pK<=387/640,231/640<=pL<=29/80, 	ExistsViolated
387/640<=pK<=97/160,231/640<=pL<=29/80, 	ExistsViolated
97/160<=pK<=389/640,57/160<=pL<=229/640, 	ExistsSat
389/640<=pK<=39/64,57/160<=pL<=229/640, 	ExistsSat
97/160<=pK<=389/640,229/640<=pL<=23/64, 	ExistsSat
389/640<=pK<=39/64,229/640<=pL<=23/64, 	ExistsSat
39/64<=pK<=391/640,57/160<=pL<=229/640, 	ExistsViolated
391/640<=pK<=49/80,57/160<=pL<=229/640, 	ExistsViolated
39/64<=pK<=391/640,229/640<=pL<=23/64, 	ExistsViolated
391/640<=pK<=49/80,229/640<=pL<=23/64, 	ExistsViolated
